entry_time,exit_time,direction,entry_price,exit_price,price_move,sl_price,tp1_price,tp2_price,sl_dist,risk_usd,exit_reason,r_achieved,peak_r,pnl_usd, equity_after 
30-06-2025 04:45,30-06-2025 12:00,BUY,3272.02,3282.39,10.37,3257.07,3304.74,,14.95,300,TRAIL,0.694,1.661,208.09," 10,208.09 "
01-07-2025 08:15,01-07-2025 15:15,BUY,3328.54,3355.17,26.63,3311.72,3355.17,,16.82,306.24,TPCAP,1.583,1.699,484.8," 10,692.89 "
03-07-2025 12:15,04-07-2025 02:00,SELL,3352.97,3330.45,22.52,3364.82,3285.91,,11.85,320.79,FLIP,1.9,3.484,609.63," 11,302.52 "
07-07-2025 04:15,07-07-2025 16:00,SELL,3310.92,3307.47,3.45,3338.12,3277.81,,27.2,339.08,FLIP,0.127,0.531,43.01," 11,345.53 "
07-07-2025 16:15,08-07-2025 01:00,BUY,3307.6,3340.67,33.07,3295.54,3340.67,,12.06,340.37,TPCAP,2.743,3.108,933.46," 12,278.99 "
08-07-2025 16:15,08-07-2025 18:00,SELL,3322.29,3289.07,33.22,3333.2,3289.07,,10.91,368.37,TPCAP,3.045,3.219,1121.8," 13,400.79 "
08-07-2025 18:15,09-07-2025 03:00,SELL,3291.43,3305.03,-13.6,3327.21,3258.51,,35.78,402.02,FLIP,-0.38,0.069,-152.81," 13,247.98 "
11-07-2025 12:15,11-07-2025 17:45,BUY,3334.86,3361.54,26.68,3327.26,3361.54,,7.6,397.44,TPCAP,3.51,3.793,1395.11," 14,643.09 "
15-07-2025 16:15,16-07-2025 02:00,SELL,3346.53,3328.59,17.94,3367.1,3313.06,,20.57,439.29,FLIP,0.872,1.277,383.13," 15,026.22 "
17-07-2025 16:15,17-07-2025 17:00,SELL,3316.62,3324.53,-7.91,3334.42,3283.45,,17.8,450.79,FLIP,-0.444,0.16,-200.32," 14,825.90 "
17-07-2025 17:15,18-07-2025 04:00,BUY,3324.69,3339.42,14.73,3309.19,3357.94,,15.5,444.78,FLIP,0.95,1.246,422.68," 15,248.58 "
21-07-2025 12:15,21-07-2025 16:45,BUY,3365.63,3392.55,26.92,3357.61,3392.55,,8.02,457.46,TPCAP,3.357,3.7,1535.73," 16,784.31 "
22-07-2025 12:15,23-07-2025 02:00,BUY,3389.2,3432.04,42.84,3380.36,3456.98,,8.84,503.53,FLIP,4.846,5.01,2440.18," 19,224.49 "
23-07-2025 16:15,23-07-2025 19:15,SELL,3415.87,3381.71,34.16,3435.2,3381.71,,19.33,576.73,TPCAP,1.767,1.777,1019.21," 20,243.70 "
23-07-2025 19:30,24-07-2025 16:45,SELL,3383.55,3372.12,11.43,3424.19,3349.71,,40.64,607.31,TRAIL,0.281,0.789,170.81," 20,414.51 "
30-07-2025 13:00,31-07-2025 02:00,SELL,3331.2,3278.61,52.59,3337.47,3264.57,,6.27,612.44,FLIP,8.388,10.056,5136.84," 25,551.35 "
01-08-2025 12:15,01-08-2025 22:45,BUY,3295.29,3361.19,65.9,3283.02,3361.19,,12.27,766.54,TPCAP,5.371,5.381,4117.15," 29,668.50 "
18-08-2025 04:15,18-08-2025 14:00,BUY,3342.9,3348.06,5.16,3323.97,3409.76,,18.93,890.06,FLIP,0.273,0.819,242.61," 29,911.11 "
19-08-2025 16:15,20-08-2025 06:00,SELL,3329.6,3316.67,12.93,3347.07,3296.3,,17.47,897.33,FLIP,0.74,1.033,664.14," 30,575.25 "
20-08-2025 12:15,21-08-2025 03:00,BUY,3327.07,3344.68,17.61,3315.92,3353.69,,11.15,917.26,FLIP,1.579,2.249,1448.69," 32,023.94 "
22-08-2025 16:15,22-08-2025 16:15,SELL,3324.73,3328.8,-4.07,3332.34,3258.23,,7.61,960.72,FLIP,-0.535,0,-513.81," 31,510.13 "
22-08-2025 16:30,25-08-2025 01:00,BUY,3328.97,3367.66,38.69,3319.85,3395.55,,9.12,945.3,FLIP,4.242,5.467,4010.29," 35,520.42 "
26-08-2025 01:45,26-08-2025 03:00,SELL,3364.25,3369.12,-4.87,3374.18,3330.61,,9.93,1065.61,FLIP,-0.49,1.301,-522.61," 34,997.81 "
26-08-2025 03:15,26-08-2025 12:00,BUY,3369.25,3377,7.75,3353.4,3396.2,,15.85,1049.93,FLIP,0.489,1.093,513.37," 35,511.18 "
28-08-2025 16:15,29-08-2025 02:00,BUY,3398.39,3416.26,17.87,3391.24,3466.36,,7.15,1065.34,FLIP,2.499,3.466,2662.59," 38,173.77 "
29-08-2025 16:15,29-08-2025 18:30,BUY,3418.92,3446.27,27.35,3401.21,3446.27,,17.71,1145.21,TPCAP,1.544,1.624,1768.6," 39,942.37 "
29-08-2025 18:45,01-09-2025 04:15,BUY,3447.51,3438.67,-8.84,3414.19,3475.09,,33.32,1198.27,TRAIL,-0.265,0.195,-317.91," 39,624.46 "
01-09-2025 04:45,01-09-2025 05:30,BUY,3447.24,3474.82,27.58,3438.8,3474.82,,8.44,1188.73,TPCAP,3.267,3.456,3884.07," 43,508.53 "
01-09-2025 05:45,01-09-2025 10:30,BUY,3475.5,3468.19,-7.31,3438.76,3503.3,,36.74,1305.26,TRAIL,-0.199,0.391,-259.7," 43,248.83 "
02-09-2025 04:15,02-09-2025 09:00,BUY,3489.01,3490.49,1.48,3471.46,3516.92,,17.55,1297.46,FLIP,0.084,1.125,109.42," 43,358.25 "
02-09-2025 16:15,02-09-2025 16:45,SELL,3483.15,3493.5,-10.35,3493.5,3413.48,,10.35,1300.75,SL,-1,0.404,-1300.75," 42,057.50 "
02-09-2025 17:00,02-09-2025 18:45,BUY,3489.48,3517.39,27.91,3472.06,3517.39,,17.42,1261.72,TPCAP,1.602,1.778,2021.86," 44,079.36 "
02-09-2025 19:00,03-09-2025 08:00,BUY,3520.55,3535.69,15.14,3477.74,3548.71,,42.81,1322.38,FLIP,0.354,0.615,467.67," 44,547.03 "
03-09-2025 16:15,03-09-2025 22:00,BUY,3557.5,3569.57,12.07,3533.58,3585.96,,23.92,1336.41,FLIP,0.505,0.878,674.35," 45,221.38 "
04-09-2025 04:15,04-09-2025 04:30,BUY,3561.48,3551.52,-9.96,3551.52,3632.71,,9.96,1356.64,SL,-1,0,-1356.64," 43,864.74 "
04-09-2025 04:45,04-09-2025 10:00,SELL,3547.78,3537.25,10.53,3568.71,3476.82,,20.93,1315.94,FLIP,0.503,1.735,662.06," 44,526.80 "
05-09-2025 13:00,05-09-2025 23:00,BUY,3552.56,3589.85,37.29,3542.29,3623.61,,10.27,1335.8,FLIP,3.631,4.63,4850.26," 49,377.06 "
08-09-2025 08:45,09-09-2025 01:00,BUY,3587.52,3634.38,46.86,3576.86,3659.27,,10.66,1481.31,FLIP,4.396,5.528,6511.66," 55,888.72 "
10-09-2025 05:00,10-09-2025 15:00,BUY,3630.87,3648.26,17.39,3616.02,3703.48,,14.85,1676.66,FLIP,1.171,1.801,1963.44," 57,852.16 "
12-09-2025 04:15,12-09-2025 10:00,BUY,3642.96,3652.45,9.49,3626.03,3672.1,,16.93,1735.56,FLIP,0.561,0.809,972.86," 58,825.02 "
15-09-2025 16:15,15-09-2025 18:45,BUY,3649.76,3678.96,29.2,3633.3,3678.96,,16.46,1764.75,TPCAP,1.774,1.955,3130.35," 61,955.37 "
15-09-2025 19:00,16-09-2025 15:00,BUY,3680.75,3694.32,13.57,3642.76,3710.19,,37.99,1858.66,FLIP,0.357,0.493,663.91," 62,619.28 "
17-09-2025 20:15,17-09-2025 21:00,SELL,3683.25,3692.97,-9.72,3692.97,3609.58,,9.72,1878.58,SL,-1,3.257,-1878.58," 60,740.70 "
17-09-2025 21:30,18-09-2025 02:00,SELL,3682.38,3667.47,14.91,3692.65,3645.55,,10.27,1822.22,FLIP,1.452,3.519,2645.5," 63,386.20 "
19-09-2025 05:00,19-09-2025 05:00,SELL,3639.78,3646.87,-7.09,3648.58,3566.98,,8.8,1901.59,FLIP,-0.806,0.092,-1532.07," 61,854.13 "
19-09-2025 05:30,19-09-2025 05:30,SELL,3645.63,3646.47,-0.84,3652.68,3572.71,,7.05,1855.62,FLIP,-0.119,0.231,-221.1," 61,633.03 "
19-09-2025 05:45,19-09-2025 09:00,BUY,3646.62,3651.87,5.25,3629.73,3719.55,,16.89,1848.99,FLIP,0.311,0.864,574.73," 62,207.76 "
19-09-2025 16:15,22-09-2025 12:15,BUY,3653.61,3726.68,73.07,3641.71,3726.68,,11.9,1866.23,TPCAP,6.14,6.145,11459.23," 73,666.99 "
23-09-2025 08:15,23-09-2025 12:00,BUY,3746.46,3776.43,29.97,3736.05,3776.43,,10.41,2210.01,TPCAP,2.879,3.724,6362.67," 80,029.66 "
24-09-2025 17:00,24-09-2025 21:45,SELL,3761.31,3723.7,37.61,3776.1,3723.7,,14.79,2400.89,TPCAP,2.543,2.601,6106.02," 86,135.68 "
26-09-2025 16:15,26-09-2025 22:00,BUY,3764.57,3776.01,11.44,3740.06,3839.86,,24.51,2584.07,FLIP,0.467,0.785,1206.11," 87,341.79 "
29-09-2025 01:15,30-09-2025 04:00,BUY,3768.11,3843.47,75.36,3756.55,3843.47,,11.56,2620.25,TPCAP,6.519,6.549,17081.42," 1,04,423.21 "
30-09-2025 04:15,30-09-2025 09:00,BUY,3842.39,3866.68,24.29,3823.38,3873.13,,19.01,3132.7,FLIP,1.278,1.542,4002.8," 1,08,426.01 "
30-09-2025 09:15,30-09-2025 09:15,BUY,3866.83,3866.58,-0.25,3859.09,3897.76,,7.74,3252.78,FLIP,-0.032,0.061,-105.06," 1,08,320.95 "
30-09-2025 09:45,30-09-2025 09:45,BUY,3870.01,3860.02,-9.99,3860.02,3900.97,,9.99,3249.63,SL,-1,0,-3249.63," 1,05,071.32 "
30-09-2025 10:00,30-09-2025 11:15,SELL,3855.75,3824.9,30.85,3872.06,3824.9,,16.31,3152.14,TPCAP,1.891,2.185,5961.63," 1,11,032.95 "
30-09-2025 16:15,01-10-2025 09:00,BUY,3817.25,3858.72,41.47,3801.16,3893.59,,16.09,3330.99,FLIP,2.577,3.62,8585.21," 1,19,618.16 "
01-10-2025 09:15,01-10-2025 10:00,SELL,3858.57,3866.84,-8.27,3874.06,3827.7,,15.49,3588.54,FLIP,-0.534,0.332,-1915.9," 1,17,702.26 "
01-10-2025 10:15,01-10-2025 15:00,BUY,3866.95,3884.53,17.58,3850.92,3897.88,,16.03,3531.07,FLIP,1.097,1.772,3872.5," 1,21,574.76 "
01-10-2025 15:30,02-10-2025 05:00,SELL,3877.75,3869.9,7.85,3894.81,3800.19,,17.06,3647.24,FLIP,0.46,1.457,1678.24," 1,23,253.00 "
02-10-2025 16:15,02-10-2025 16:15,BUY,3891.16,3893.84,2.68,3875.51,3968.98,,15.65,3697.59,FLIP,0.171,0.176,633.2," 1,23,886.20 "
02-10-2025 16:30,02-10-2025 16:30,BUY,3893.96,3883.22,-10.74,3877.14,3971.84,,16.82,3716.59,FLIP,-0.639,0.172,-2373.14," 1,21,513.06 "
02-10-2025 17:00,02-10-2025 22:00,SELL,3875.15,3857.18,17.97,3893.64,3797.64,,18.49,3645.39,TRAIL,0.972,3.011,3542.87," 1,25,055.93 "
06-10-2025 04:15,06-10-2025 07:30,BUY,3906.35,3937.6,31.25,3889.12,3937.6,,17.23,3751.68,TPCAP,1.814,1.954,6804.35," 1,31,860.28 "
06-10-2025 07:45,06-10-2025 15:30,BUY,3940.11,3927.91,-12.2,3907.94,3971.63,,32.17,3955.81,TRAIL,-0.379,0.293,-1500.18," 1,30,360.10 "
06-10-2025 16:45,07-10-2025 03:15,BUY,3944.98,3976.54,31.56,3928.02,3976.54,,16.96,3910.8,TPCAP,1.861,1.908,7277.14," 1,37,637.24 "
07-10-2025 09:15,07-10-2025 14:00,SELL,3964.4,3961.72,2.68,3980.03,3932.68,,15.63,4129.12,FLIP,0.171,1.501,708," 1,38,345.24 "
07-10-2025 14:15,07-10-2025 18:00,BUY,3961.86,3986.54,24.68,3945.55,4041.09,,16.31,4150.36,FLIP,1.513,1.576,6280.25," 1,44,625.49 "
08-10-2025 04:15,08-10-2025 05:00,SELL,3988.32,4003.68,-15.36,4003.68,3956.41,,15.36,4338.76,SL,-1,0.218,-4338.76," 1,40,286.73 "
08-10-2025 05:15,08-10-2025 08:30,BUY,4004.83,4036.87,32.04,3981.12,4036.87,,23.71,4208.6,TPCAP,1.351,1.362,5686.78," 1,45,973.51 "
09-10-2025 16:30,09-10-2025 16:30,BUY,4055.81,4039.84,-15.97,4039.84,4136.92,,15.97,4379.21,SL,-1,0.058,-4379.21," 1,41,594.30 "
09-10-2025 16:45,09-10-2025 19:30,SELL,4031.21,3990.9,40.31,4055.05,3990.9,,23.84,4247.83,TPCAP,1.691,2.291,7183.07," 1,48,777.37 "
09-10-2025 19:45,09-10-2025 20:15,SELL,3986.57,3946.7,39.87,4040.9,3946.7,,54.33,4463.32,TPCAP,0.734,0.767,3275.16," 1,52,052.53 "
10-10-2025 04:15,10-10-2025 11:00,SELL,3984.71,3981.47,3.24,3996.15,3944.86,,11.44,4561.58,TRAIL,0.283,3.288,1291.91," 1,53,344.44 "
10-10-2025 20:15,10-10-2025 21:15,SELL,3982.08,3998.29,-16.21,3998.29,3902.44,,16.21,4600.33,SL,-1,0.225,-4600.33," 1,48,744.11 "
10-10-2025 23:45,10-10-2025 23:45,SELL,4012.69,4020.51,-7.82,4020.51,3980.59,,7.82,4462.32,SL,-1,0.396,-4462.32," 1,44,281.79 "
13-10-2025 01:15,13-10-2025 02:00,BUY,4022.33,4054.51,32.18,3991.3,4054.51,,31.03,4328.45,TPCAP,1.037,1.215,4488.54," 1,48,770.33 "
13-10-2025 02:15,13-10-2025 13:45,BUY,4048.38,4080.77,32.39,3991.26,4080.77,,57.12,4463.11,TPCAP,0.567,0.644,2530.5," 1,51,300.83 "
13-10-2025 16:15,13-10-2025 22:00,BUY,4087.84,4091.81,3.97,4066.5,4120.54,,21.34,4539.02,TRAIL,0.186,1.371,844.42," 1,52,145.25 "
14-10-2025 04:15,14-10-2025 08:00,BUY,4140.69,4173.81,33.12,4107.9,4173.81,,32.79,4564.36,TPCAP,1.01,1.114,4610.92," 1,56,756.17 "
14-10-2025 08:15,14-10-2025 08:15,BUY,4176.75,4179.39,2.64,4153.55,4260.28,,23.2,4702.69,FLIP,0.114,0.125,535.13," 1,57,291.30 "
14-10-2025 08:30,14-10-2025 08:30,BUY,4179.52,4156.5,-23.02,4156.5,4263.11,,23.02,4718.74,SL,-1,0.006,-4718.74," 1,52,572.56 "
14-10-2025 11:45,14-10-2025 15:00,BUY,4132.76,4130.18,-2.58,4100.07,4215.41,,32.69,4577.18,FLIP,-0.079,0.355,-361.25," 1,52,211.31 "
14-10-2025 15:30,14-10-2025 18:00,SELL,4118.74,4139.88,-21.14,4147,4036.36,,28.26,4566.34,TRAIL,-0.748,0.738,-3415.87," 1,48,795.44 "
14-10-2025 18:30,15-10-2025 12:00,BUY,4138.1,4202.69,64.59,4107.52,4220.86,,30.58,4463.86,FLIP,2.112,2.621,9428.41," 1,58,223.85 "
16-10-2025 04:15,16-10-2025 08:00,BUY,4220.8,4227.14,6.34,4197.88,4305.21,,22.92,4746.72,FLIP,0.277,0.928,1313.01," 1,59,536.86 "
16-10-2025 16:15,17-10-2025 01:00,BUY,4245.91,4330.83,84.92,4227.71,4330.83,,18.2,4786.11,TPCAP,4.666,6.282,22330.5," 1,81,867.36 "
17-10-2025 01:15,17-10-2025 04:00,BUY,4350.28,4347.64,-2.64,4287.09,4385.08,,63.19,5456.02,FLIP,-0.042,0.464,-227.95," 1,81,639.41 "
17-10-2025 09:30,17-10-2025 10:00,BUY,4361.8,4355.52,-6.28,4334.83,4449.03,,26.97,5449.18,FLIP,-0.233,0.207,-1268.85," 1,80,370.56 "
17-10-2025 14:15,17-10-2025 17:00,SELL,4319.44,4233.05,86.39,4354.14,4233.05,,34.7,5411.12,TPCAP,2.49,2.944,13471.87," 1,93,842.43 "
17-10-2025 17:30,17-10-2025 20:00,SELL,4241.42,4199,42.42,4330.65,4199,,89.23,5815.27,TPCAP,0.475,0.619,2764.29," 1,96,606.72 "
17-10-2025 20:15,17-10-2025 23:00,SELL,4206.78,4232.14,-25.36,4268.33,4164.71,,61.55,5898.2,FLIP,-0.412,0.161,-2430.19," 1,94,176.53 "
20-10-2025 14:15,20-10-2025 18:00,BUY,4255.28,4340.38,85.1,4240.65,4340.38,,14.63,5825.3,TPCAP,5.817,6.321,33885.86," 2,28,062.39 "
20-10-2025 18:15,20-10-2025 22:45,BUY,4346.33,4381.1,34.77,4280.08,4381.1,,66.25,6841.87,TPCAP,0.525,0.53,3590.78," 2,31,653.17 "
21-10-2025 04:15,21-10-2025 08:30,SELL,4358.95,4324.08,34.87,4378.64,4324.08,,19.69,6949.6,TPCAP,1.771,2.106,12308.32," 2,43,961.49 "
21-10-2025 08:45,21-10-2025 11:00,SELL,4322.74,4279.51,43.23,4358.6,4279.51,,35.86,7318.84,TPCAP,1.205,2.176,8822.76," 2,52,784.25 "
21-10-2025 11:30,21-10-2025 15:00,SELL,4266.96,4224.29,42.67,4350.97,4224.29,,84.01,7583.53,TPCAP,0.508,0.62,3851.87," 2,56,636.12 "
21-10-2025 15:15,21-10-2025 16:45,SELL,4225.52,4183.26,42.26,4284.27,4183.26,,58.75,7699.08,TPCAP,0.719,0.984,5537.64," 2,62,173.76 "
21-10-2025 17:00,21-10-2025 17:15,SELL,4173.64,4131.9,41.74,4273.99,4131.9,,100.35,7865.21,TPCAP,0.416,0.429,3271.31," 2,65,445.07 "
21-10-2025 18:15,21-10-2025 20:15,SELL,4141.02,4099.61,41.41,4223.52,4099.61,,82.5,7963.35,TPCAP,0.502,0.567,3997.26," 2,69,442.33 "
22-10-2025 01:15,22-10-2025 03:00,SELL,4118.3,4077.12,41.18,4134.12,4077.12,,15.82,8083.27,TPCAP,2.603,7.188,21043.22," 2,90,485.55 "
22-10-2025 03:15,22-10-2025 04:15,SELL,4036.79,4117.91,-81.12,4134,3996.42,,97.21,8714.57,TRAIL,-0.834,0.056,-7272.15," 2,83,213.40 "
22-10-2025 04:30,22-10-2025 06:00,SELL,4104.47,4112.29,-7.82,4117.77,4063.42,,13.3,8496.4,FLIP,-0.588,1.585,-4995.63," 2,78,217.77 "
22-10-2025 09:30,22-10-2025 11:00,BUY,4142.05,4114.08,-27.97,4106.55,4183.47,,35.5,8346.53,TRAIL,-0.788,0.545,-6576.13," 2,71,641.64 "
22-10-2025 11:15,22-10-2025 13:30,SELL,4087.76,4046.88,40.88,4159.41,4046.88,,71.65,8149.25,TPCAP,0.571,0.593,4649.44," 2,76,291.08 "
22-10-2025 13:45,22-10-2025 16:00,SELL,4053.88,4064.46,-10.58,4129.06,4013.34,,75.18,8288.73,FLIP,-0.141,0.515,-1166.46," 2,75,124.62 "
22-10-2025 16:15,22-10-2025 17:00,BUY,4064.86,4064.67,-0.19,4021.99,4105.51,,42.87,8253.74,FLIP,-0.004,0.474,-36.58," 2,75,088.04 "
22-10-2025 18:00,22-10-2025 20:00,SELL,4014.92,4055.63,-40.71,4080.85,3974.77,,65.93,8252.64,FLIP,-0.617,0,-5095.78," 2,69,992.26 "
22-10-2025 20:15,22-10-2025 22:15,BUY,4055.81,4096.37,40.56,4014.74,4096.37,,41.07,8099.77,TPCAP,0.988,1.212,7998.56," 2,77,990.82 "
22-10-2025 22:30,23-10-2025 03:00,BUY,4105.57,4086.01,-19.56,4043.62,4187.68,,61.95,8339.72,FLIP,-0.316,0.178,-2633.17," 2,75,357.65 "
24-10-2025 04:45,24-10-2025 15:00,SELL,4125.5,4062.25,63.25,4147.16,4042.99,,21.66,8260.73,FLIP,2.92,3.755,24122.4," 2,99,480.05 "
24-10-2025 16:15,24-10-2025 20:00,BUY,4112.25,4126.34,14.09,4049.15,4194.49,,63.1,8984.4,FLIP,0.223,0.42,2006.18," 3,01,486.23 "
27-10-2025 09:15,27-10-2025 10:00,BUY,4079.92,4071.6,-8.32,4058.87,4161.52,,21.05,9044.59,FLIP,-0.395,0.191,-3574.87," 2,97,911.36 "
27-10-2025 11:30,27-10-2025 14:30,SELL,4058.44,4017.85,40.59,4087.48,4017.85,,29.04,8937.34,TPCAP,1.398,1.479,12490.64," 3,10,402.00 "
27-10-2025 16:15,27-10-2025 16:30,BUY,4039.86,4025.69,-14.17,4025.69,4080.26,,14.17,9312.06,SL,-1,0.287,-9312.06," 3,01,089.94 "
27-10-2025 16:45,27-10-2025 17:30,SELL,4025.41,3985.15,40.26,4053.34,3985.15,,27.93,9032.7,TPCAP,1.441,1.513,13018.79," 3,14,108.73 "
27-10-2025 17:45,28-10-2025 03:00,SELL,3994.5,3986.48,8.02,4053.29,3954.55,,58.79,9423.26,FLIP,0.136,0.39,1285.5," 3,15,394.23 "
28-10-2025 04:15,28-10-2025 05:00,BUY,4018.1,4005.3,-12.8,3976.71,4058.28,,41.39,9461.83,FLIP,-0.309,0.039,-2926.1," 3,12,468.13 "
28-10-2025 05:15,28-10-2025 07:15,SELL,4005.18,3965.13,40.05,4018.74,3965.13,,13.56,9374.04,TPCAP,2.954,3.042,27688.75," 3,40,156.88 "
28-10-2025 07:30,28-10-2025 10:15,SELL,3971.42,3931.7,39.72,4009.74,3931.7,,38.32,10204.71,TPCAP,1.036,1.061,10576.33," 3,50,733.21 "
28-10-2025 10:30,28-10-2025 12:00,SELL,3931.18,3891.87,39.31,3984.9,3891.87,,53.72,10522,TPCAP,0.732,0.83,7700.15," 3,58,433.36 "
28-10-2025 16:30,29-10-2025 01:00,BUY,3932.62,3943.13,10.51,3900.08,3971.94,,32.54,10753,TRAIL,0.323,1.162,3473.08," 3,61,906.44 "
29-10-2025 01:15,29-10-2025 02:00,SELL,3936.78,3947.48,-10.7,3968.24,3897.41,,31.46,10857.19,FLIP,-0.34,0.285,-3692.69," 3,58,213.75 "
29-10-2025 02:15,29-10-2025 05:30,BUY,3947.61,3950.45,2.84,3928.17,3987.08,,19.44,10746.41,TRAIL,0.146,1.789,1569.95," 3,59,783.70 "
29-10-2025 05:45,29-10-2025 09:00,SELL,3954.13,3968.82,-14.69,3978.71,3914.59,,24.58,10793.51,FLIP,-0.598,0.121,-6450.64," 3,53,333.06 "
29-10-2025 09:15,29-10-2025 16:30,BUY,3968.95,4006.17,37.22,3946.16,4048.33,,22.79,10599.99,TRAIL,1.633,2.685,17311.61," 3,70,644.67 "
29-10-2025 16:45,30-10-2025 01:00,SELL,4006.91,3926.77,80.14,4029.23,3926.77,,22.32,11119.34,TPCAP,3.591,4.004,39924.41," 4,10,569.08 "
30-10-2025 01:15,30-10-2025 03:15,SELL,3937.96,3963.5,-25.54,3979.2,3898.58,,41.24,12317.07,TRAIL,-0.619,0.314,-7627.98," 4,02,941.10 "
30-10-2025 04:15,30-10-2025 07:00,SELL,3950.3,3943.36,6.94,3963.36,3910.8,,13.06,12088.23,FLIP,0.531,2.662,6423.61," 4,09,364.71 "
30-10-2025 07:15,30-10-2025 15:00,BUY,3943.49,3982.24,38.75,3917.63,4022.36,,25.86,12280.94,FLIP,1.498,2.64,18402.42," 4,27,767.13 "
30-10-2025 17:15,31-10-2025 04:00,BUY,4011.25,4032.77,21.52,3958.3,4091.47,,52.95,12833.01,FLIP,0.406,0.661,5215.61," 4,32,982.74 "
31-10-2025 16:15,31-10-2025 19:00,BUY,4031.38,4003.58,-27.8,3999.78,4112,,31.6,12989.48,TRAIL,-0.88,0.02,-11427.46," 4,21,555.28 "
31-10-2025 19:15,03-11-2025 03:00,SELL,3979.02,3986.52,-7.5,4031.68,3899.44,,52.66,12646.66,FLIP,-0.142,0.314,-1801.18," 4,19,754.10 "
04-11-2025 16:15,04-11-2025 16:30,SELL,3975.72,3935.96,39.76,4002.99,3935.96,,27.27,12592.62,TPCAP,1.458,1.719,18359.51," 4,38,113.61 "
04-11-2025 16:45,05-11-2025 03:15,SELL,3931.13,3948.06,-16.93,4002.93,3891.82,,71.8,13143.41,TRAIL,-0.236,0.016,-3099.14," 4,35,014.47 "
05-11-2025 04:30,05-11-2025 04:30,SELL,3938.03,3945.24,-7.21,3951.09,3898.65,,13.06,13050.43,FLIP,-0.552,0,-7204.72," 4,27,809.75 "
05-11-2025 04:45,05-11-2025 10:00,BUY,3945.37,3984.82,39.45,3926.97,3984.82,,18.4,12834.29,TPCAP,2.144,2.269,27518.68," 4,55,328.43 "
06-11-2025 09:00,06-11-2025 14:00,BUY,3991.81,4012.9,21.09,3976.98,4071.64,,14.83,13659.85,FLIP,1.422,1.874,19425.91," 4,74,754.34 "
06-11-2025 16:15,06-11-2025 19:15,SELL,4008.21,3968.13,40.08,4021.38,3968.13,,13.17,14242.63,TPCAP,3.044,3.217,43347.99," 5,18,102.33 "
06-11-2025 19:30,07-11-2025 01:00,SELL,3969.71,3981.29,-11.58,4001.28,3930.01,,31.57,15543.07,FLIP,-0.367,0.057,-5701.26," 5,12,401.07 "
07-11-2025 02:15,07-11-2025 13:30,BUY,3987.42,3996.75,9.33,3972.41,4067.17,,15.01,15372.03,TRAIL,0.622,1.787,9555.03," 5,21,956.10 "
10-11-2025 01:15,10-11-2025 14:15,BUY,4010.93,4091.15,80.22,3992.53,4091.15,,18.4,15658.68,TPCAP,4.36,4.613,68265.05," 5,90,221.15 "
11-11-2025 16:15,11-11-2025 21:00,SELL,4139.4,4117.51,21.89,4149.82,4056.61,,10.42,17706.63,FLIP,2.101,4.059,37197.53," 6,27,418.68 "
12-11-2025 04:15,12-11-2025 08:00,SELL,4133.92,4106.18,27.74,4145.42,4051.24,,11.5,18822.56,FLIP,2.412,3.043,45403.29," 6,72,821.97 "
12-11-2025 16:15,13-11-2025 03:15,BUY,4135.23,4183.74,48.51,4116.62,4217.93,,18.61,20184.66,TRAIL,2.607,4.109,52614.61," 7,25,436.58 "
13-11-2025 08:15,13-11-2025 12:15,BUY,4206.25,4239.9,33.65,4195.14,4239.9,,11.11,21763.1,TPCAP,3.029,3.044,65914.09," 7,91,350.67 "
13-11-2025 16:15,13-11-2025 20:30,SELL,4220.49,4178.28,42.21,4248.06,4178.28,,27.57,23740.52,TPCAP,1.531,2.72,36343.75," 8,27,694.42 "
13-11-2025 20:45,14-11-2025 01:00,SELL,4155.75,4176.53,-20.78,4218.32,4114.19,,62.57,24830.83,FLIP,-0.332,0.159,-8246.52," 8,19,447.90 "
14-11-2025 12:15,14-11-2025 14:15,SELL,4165.4,4123.74,41.66,4190.78,4123.74,,25.38,24583.44,TPCAP,1.641,2.137,40347.93," 8,59,795.83 "
14-11-2025 14:30,14-11-2025 15:15,SELL,4113.18,4072.05,41.13,4179.95,4072.05,,66.77,25793.87,TPCAP,0.616,0.891,15890.1," 8,75,685.93 "
14-11-2025 16:15,14-11-2025 18:00,SELL,4050.12,4084.05,-33.93,4144.13,4009.62,,94.01,26270.58,FLIP,-0.361,0.191,-9481.55," 8,66,204.38 "
14-11-2025 19:15,14-11-2025 22:15,BUY,4102.6,4078.82,-23.78,4066.22,4143.62,,36.38,25986.13,TRAIL,-0.654,0.214,-16985.99," 8,49,218.39 "
17-11-2025 04:15,17-11-2025 09:00,SELL,4089.21,4072.78,16.43,4105.24,4048.32,,16.03,25476.55,FLIP,1.025,2.463,26112.27," 8,75,330.66 "
17-11-2025 09:15,17-11-2025 13:00,BUY,4072.9,4063.6,-9.3,4052.92,4113.63,,19.98,26259.92,TRAIL,-0.465,1.155,-12223.09," 8,63,107.57 "
17-11-2025 20:15,17-11-2025 21:30,SELL,4072.56,4031.83,40.73,4083.68,4031.83,,11.12,25893.23,TPCAP,3.662,5.069,94833.71," 9,57,941.28 "
17-11-2025 21:45,18-11-2025 10:00,SELL,4019.37,4025.15,-5.78,4083.6,3979.18,,64.23,28738.24,FLIP,-0.09,0.332,-2586.13," 9,55,355.15 "
18-11-2025 14:45,18-11-2025 15:00,SELL,4033.57,4043.03,-9.46,4053.53,3952.9,,19.96,28660.65,FLIP,-0.474,0.212,-13583.66," 9,41,771.49 "
18-11-2025 15:15,19-11-2025 03:00,BUY,4043.17,4064.57,21.4,4024.99,4124.03,,18.18,28253.14,FLIP,1.177,2.152,33257.28," 9,75,028.77 "
19-11-2025 04:15,19-11-2025 04:15,SELL,4059.72,4064.52,-4.8,4074.3,3978.52,,14.58,29250.86,FLIP,-0.329,0.002,-9629.91," 9,65,398.86 "
19-11-2025 04:30,19-11-2025 04:30,SELL,4064.31,4072.1,-7.79,4072.1,3983.02,,7.79,28961.97,SL,-1,0.004,-28961.97," 9,36,436.89 "
19-11-2025 06:00,19-11-2025 07:15,SELL,4066.77,4081.41,-14.64,4081.41,3985.43,,14.64,28093.11,SL,-1,0.153,-28093.11," 9,08,343.78 "
19-11-2025 16:15,19-11-2025 17:00,BUY,4117.79,4129.94,12.15,4100.2,4200.14,,17.59,27250.31,FLIP,0.691,0.706,18822.7," 9,27,166.48 "
19-11-2025 17:45,20-11-2025 01:00,SELL,4109.79,4088.02,21.77,4129.3,4027.59,,19.51,27814.99,FLIP,1.116,2.775,31037.03," 9,58,203.51 "
21-11-2025 12:30,21-11-2025 14:30,SELL,4032.66,4060.97,-28.31,4060.97,3992.33,,28.31,28746.11,SL,-1,0.056,-28746.11," 9,29,457.40 "
21-11-2025 14:45,21-11-2025 22:00,BUY,4061.97,4081.13,19.16,4027.64,4143.21,,34.33,27883.72,FLIP,0.558,1.142,15562.25," 9,45,019.65 "
24-11-2025 01:15,24-11-2025 03:00,BUY,4074.95,4055.31,-19.64,4055.31,4156.45,,19.64,28350.59,SL,-1,0.125,-28350.59," 9,16,669.06 "
24-11-2025 04:00,24-11-2025 09:00,SELL,4044.26,4053.75,-9.49,4084.83,4003.82,,40.57,27500.07,FLIP,-0.234,0.101,-6432.73," 9,10,236.33 "
24-11-2025 09:15,24-11-2025 23:30,BUY,4053.87,4134.94,81.07,4037.78,4134.94,,16.09,27307.09,TPCAP,5.039,5.354,137595.83," 10,47,832.16 "
24-11-2025 23:45,25-11-2025 09:00,BUY,4139.35,4140.5,1.15,4103.2,4172.46,,36.15,31434.96,FLIP,0.032,0.456,1000.01," 10,48,832.17 "
25-11-2025 09:15,25-11-2025 15:00,SELL,4140.39,4138.34,2.05,4157.35,4107.27,,16.96,31464.97,FLIP,0.121,1.811,3803.25," 10,52,635.42 "
28-11-2025 01:15,28-11-2025 09:00,BUY,4162.88,4185.4,22.52,4149.87,4246.14,,13.01,31579.06,FLIP,1.731,2.324,54662.6," 11,07,298.02 "
28-11-2025 16:15,01-12-2025 07:00,BUY,4191.84,4232.66,40.82,4162.01,4275.67,,29.83,33218.94,FLIP,1.368,2.162,45457.5," 11,52,755.52 "
01-12-2025 07:30,01-12-2025 09:00,SELL,4220.1,4237.16,-17.06,4253.07,4186.34,,32.97,34582.67,FLIP,-0.517,0.068,-17894.46," 11,34,861.06 "
02-12-2025 08:15,02-12-2025 08:15,BUY,4224,4212.9,-11.1,4212.9,4266.24,,11.1,34045.83,SL,-1,0.027,-34045.83," 11,00,815.23 "
02-12-2025 08:30,02-12-2025 13:00,SELL,4205.42,4187.83,17.59,4230.83,4163.36,,25.41,33024.46,FLIP,0.692,0.952,22861.09," 11,23,676.32 "
03-12-2025 14:15,03-12-2025 18:00,BUY,4207.7,4219.49,11.79,4191.35,4249.78,,16.35,33710.29,FLIP,0.721,2.078,24308.52," 11,47,984.84 "
03-12-2025 18:45,04-12-2025 02:00,SELL,4220.62,4207.82,12.8,4237.54,4136.2,,16.92,34439.55,FLIP,0.757,1.493,26053.56," 11,74,038.40 "
04-12-2025 04:15,04-12-2025 11:00,SELL,4204.71,4189.39,15.32,4221.11,4120.61,,16.4,35221.15,FLIP,0.934,1.801,32901.71," 12,06,940.11 "
09-12-2025 08:15,09-12-2025 10:00,SELL,4174.61,4188.29,-13.68,4198.17,4132.86,,23.56,36208.2,FLIP,-0.581,0.026,-21024.12," 11,85,915.99 "
09-12-2025 10:45,09-12-2025 16:00,BUY,4191,4191.6,0.6,4170,4232.91,,21,35577.48,TRAIL,0.029,1.038,1016.5," 11,86,932.49 "
10-12-2025 20:30,10-12-2025 21:00,SELL,4196.35,4207.67,-11.32,4207.67,4112.42,,11.32,35607.97,SL,-1,0.375,-35607.97," 11,51,324.52 "
10-12-2025 21:15,10-12-2025 21:30,BUY,4212.38,4188.27,-24.11,4188.27,4246.08,,24.11,34539.74,SL,-1,0.182,-34539.74," 11,16,784.78 "
10-12-2025 22:00,11-12-2025 04:00,BUY,4216.73,4233.82,17.09,4188.27,4301.06,,28.46,33503.54,FLIP,0.6,1.09,20118.61," 11,36,903.39 "
11-12-2025 04:15,11-12-2025 12:00,SELL,4233.69,4224.62,9.07,4249.25,4199.82,,15.56,34107.1,TRAIL,0.583,1.88,19881.2," 11,56,784.59 "
11-12-2025 16:15,12-12-2025 02:00,BUY,4227.4,4276.44,49.04,4203.45,4311.95,,23.95,34703.54,FLIP,2.048,2.443,71058.93," 12,27,843.52 "
12-12-2025 08:15,12-12-2025 11:00,BUY,4278.1,4312.32,34.22,4261.15,4312.32,,16.95,36835.31,TPCAP,2.019,2.299,74374.2," 13,02,217.72 "
12-12-2025 11:15,12-12-2025 16:45,BUY,4317.08,4351.62,34.54,4275.5,4351.62,,41.58,39066.53,TPCAP,0.831,0.879,32447.96," 13,34,665.68 "
12-12-2025 17:00,12-12-2025 17:00,BUY,4347.24,4343.61,-3.63,4314.53,4382.02,,32.71,40039.97,FLIP,-0.111,0.133,-4443.45," 13,30,222.23 "
12-12-2025 17:15,12-12-2025 17:15,BUY,4343.7,4330.67,-13.03,4330.67,4387.14,,13.03,39906.67,SL,-1,0.133,-39906.67," 12,90,315.56 "
12-12-2025 17:30,12-12-2025 18:30,SELL,4300.65,4266.24,34.41,4353.28,4266.24,,52.63,38709.47,TPCAP,0.654,0.816,25305.86," 13,15,621.42 "
12-12-2025 19:15,15-12-2025 02:00,SELL,4273.72,4304.27,-30.55,4329.15,4188.24,,55.43,39468.64,FLIP,-0.551,0.012,-21752.97," 12,93,868.45 "
15-12-2025 02:15,15-12-2025 15:00,BUY,4304.42,4335.87,31.45,4287.98,4390.51,,16.44,38816.05,FLIP,1.913,2.794,74255.77," 13,68,124.22 "
15-12-2025 16:15,15-12-2025 18:30,SELL,4328.92,4285.63,43.29,4353.09,4285.63,,24.17,41043.73,TPCAP,1.791,1.798,73512.76," 14,41,636.98 "
15-12-2025 18:45,16-12-2025 03:30,SELL,4296.39,4316.69,-20.3,4341.11,4253.42,,44.72,43249.11,TRAIL,-0.454,0.124,-19632.31," 14,22,004.67 "
16-12-2025 05:00,16-12-2025 14:00,SELL,4289.66,4287.85,1.81,4316.52,4246.76,,26.86,42660.14,FLIP,0.067,0.671,2874.72," 14,24,879.39 "
16-12-2025 14:15,16-12-2025 16:30,BUY,4287.98,4330.86,42.88,4268.69,4330.86,,19.29,42746.38,TPCAP,2.223,2.272,95018.18," 15,19,897.57 "
17-12-2025 01:45,17-12-2025 07:45,BUY,4307.66,4342.12,34.46,4296.65,4342.12,,11.01,45596.93,TPCAP,3.13,3.155,142713.99," 16,62,611.56 "
17-12-2025 12:15,17-12-2025 15:00,SELL,4319.39,4323.27,-3.88,4331.41,4233,,12.02,49878.35,FLIP,-0.323,1.052,-16100.5," 16,46,511.06 "
17-12-2025 15:15,18-12-2025 02:00,BUY,4323.36,4338.41,15.05,4307.66,4409.82,,15.7,49395.33,FLIP,0.959,1.628,47350.3," 16,93,861.36 "
19-12-2025 16:30,19-12-2025 22:00,BUY,4327.95,4342.46,14.51,4317.89,4414.51,,10.06,50815.84,FLIP,1.442,2.843,73294.02," 17,67,155.38 "
22-12-2025 01:15,22-12-2025 03:30,BUY,4345.03,4379.79,34.76,4332.12,4379.79,,12.91,53014.66,TPCAP,2.692,2.992,142737.97," 19,09,893.35 "
22-12-2025 03:45,22-12-2025 08:45,BUY,4381.94,4416.99,35.05,4340.33,4416.99,,41.61,57296.8,TPCAP,0.842,0.913,48269.88," 19,58,163.23 "
23-12-2025 01:15,23-12-2025 04:30,BUY,4455.22,4490.86,35.64,4427.82,4490.86,,27.4,58744.9,TPCAP,1.301,1.554,76412.79," 20,34,576.02 "
24-12-2025 01:15,24-12-2025 04:00,BUY,4495.33,4511.66,16.33,4476.45,4531.29,,18.88,61037.28,FLIP,0.865,1.614,52793.37," 20,87,369.39 "
24-12-2025 05:00,26-12-2025 01:00,SELL,4477.56,4487.97,-10.41,4524.94,4388.01,,47.38,62621.08,TRAIL,-0.22,0.615,-13758.66," 20,73,610.73 "
29-12-2025 01:15,29-12-2025 02:00,BUY,4534.14,4522.42,-11.72,4522.42,4624.82,,11.72,62208.32,SL,-1,0.673,-62208.32," 20,11,402.41 "
29-12-2025 02:15,29-12-2025 15:30,SELL,4524.06,4433.58,90.48,4541.99,4433.58,,17.93,60342.07,TPCAP,5.047,5.51,304516.45," 23,15,918.86 "
29-12-2025 15:45,29-12-2025 16:30,SELL,4429.51,4385.21,44.3,4475.73,4385.21,,46.22,69477.57,TPCAP,0.958,1.569,66586.02," 23,82,504.88 "
29-12-2025 16:45,29-12-2025 17:00,SELL,4373.54,4329.8,43.74,4474.82,4329.8,,101.28,71475.15,TPCAP,0.432,0.444,30865.79," 24,13,370.67 "
29-12-2025 17:15,30-12-2025 01:00,SELL,4342.95,4340.83,2.12,4451.38,4299.52,,108.43,72401.12,FLIP,0.02,0.369,1415.57," 24,14,786.24 "
30-12-2025 02:15,30-12-2025 10:30,BUY,4347.04,4352.02,4.98,4320.47,4390.51,,26.57,72443.59,TRAIL,0.187,1.369,13578.06," 24,28,364.30 "
30-12-2025 20:45,31-12-2025 03:00,SELL,4365.96,4353.64,12.32,4389.03,4322.3,,23.07,72850.93,FLIP,0.534,1.612,38904.35," 24,67,268.65 "
31-12-2025 05:00,31-12-2025 15:00,SELL,4348.7,4311.86,36.84,4375.43,4261.72,,26.73,74018.06,FLIP,1.378,2.777,102013.67," 25,69,282.32 "
31-12-2025 16:15,31-12-2025 18:00,BUY,4340.35,4324.08,-16.27,4299.62,4427.15,,40.73,77078.47,FLIP,-0.399,0.323,-30789.75," 25,38,492.57 "
31-12-2025 19:30,02-01-2026 01:00,SELL,4320.71,4332.97,-12.26,4348.95,4277.5,,28.24,76154.78,TRAIL,-0.434,0.571,-33061.53," 25,05,431.04 "
02-01-2026 01:15,02-01-2026 15:00,BUY,4331.11,4399.82,68.71,4301.52,4417.73,,29.59,75162.93,FLIP,2.322,2.368,174533.46," 26,79,964.50 "
02-01-2026 16:15,02-01-2026 18:00,SELL,4370.33,4326.63,43.7,4404.07,4326.63,,33.74,80398.94,TPCAP,1.295,1.471,104143.55," 27,84,108.05 "
02-01-2026 18:15,02-01-2026 22:00,SELL,4322.43,4319.99,2.44,4378.33,4279.2,,55.9,83523.24,FLIP,0.044,0.221,3645.74," 27,87,753.79 "
05-01-2026 01:15,05-01-2026 13:00,BUY,4370.3,4433.34,63.04,4315.65,4457.7,,54.65,83632.61,FLIP,1.154,1.273,96472.09," 28,84,225.88 "
05-01-2026 16:15,06-01-2026 02:00,BUY,4426.45,4440.54,14.09,4397.62,4514.98,,28.83,86526.78,FLIP,0.489,1.17,42287.97," 29,26,513.85 "
07-01-2026 01:15,07-01-2026 03:00,BUY,4497.69,4482.08,-15.61,4478.86,4533.67,,18.83,87795.42,TRAIL,-0.829,0.15,-72782.07," 28,53,731.78 "
07-01-2026 03:15,07-01-2026 10:00,SELL,4470.93,4465.85,5.08,4502.97,4381.51,,32.04,85611.95,FLIP,0.159,0.915,13573.93," 28,67,305.71 "
08-01-2026 04:15,08-01-2026 17:00,SELL,4446.5,4439.52,6.98,4467.7,4402.03,,21.2,86019.17,TRAIL,0.329,1.827,28321.41," 28,95,627.12 "
08-01-2026 17:15,09-01-2026 02:00,BUY,4448.28,4471.73,23.45,4411.24,4537.24,,37.04,86868.81,FLIP,0.633,0.967,54996.59," 29,50,623.71 "
09-01-2026 20:15,09-01-2026 22:00,SELL,4492.81,4506.79,-13.98,4515.99,4402.95,,23.18,88518.71,FLIP,-0.603,0.129,-53386.18," 28,97,237.53 "
09-01-2026 22:15,12-01-2026 01:30,BUY,4506.99,4543.04,36.05,4482.12,4543.04,,24.87,86917.13,TPCAP,1.45,1.527,126006.7," 30,23,244.23 "
12-01-2026 01:45,12-01-2026 02:30,BUY,4542.59,4578.93,36.34,4492.53,4578.93,,50.06,90697.33,TPCAP,0.726,1.03,65839.23," 30,89,083.46 "
12-01-2026 02:45,12-01-2026 18:00,BUY,4591.57,4628.3,36.73,4499.32,4628.3,,92.25,92672.5,TPCAP,0.398,0.415,36899.75," 31,25,983.21 "
13-01-2026 14:15,13-01-2026 15:00,SELL,4583.5,4597.43,-13.93,4597.43,4491.83,,13.93,93779.5,SL,-1,0.396,-93779.5," 30,32,203.71 "
13-01-2026 15:15,13-01-2026 19:00,BUY,4602.92,4608.49,5.57,4575.85,4639.74,,27.07,90966.11,FLIP,0.206,1.174,18717.45," 30,50,921.16 "
14-01-2026 02:00,14-01-2026 16:00,BUY,4597.27,4634.27,37,4573.45,4689.21,,23.82,91527.63,FLIP,1.553,1.873,142171.39," 31,93,092.55 "
15-01-2026 01:15,15-01-2026 08:00,SELL,4616.74,4605.36,11.38,4642.94,4524.4,,26.2,95792.78,FLIP,0.434,1.356,41607.7," 32,34,700.25 "
15-01-2026 14:15,15-01-2026 18:15,SELL,4614.83,4623.54,-8.71,4627.82,4522.53,,12.99,97041.01,TRAIL,-0.671,2.501,-65067.53," 31,69,632.72 "
15-01-2026 19:15,16-01-2026 07:00,SELL,4609.67,4596.59,13.08,4623.4,4563.57,,13.73,95088.98,FLIP,0.953,1.328,90587.32," 32,60,220.04 "
19-01-2026 01:15,19-01-2026 13:00,BUY,4654.45,4664.34,9.89,4573.96,4747.54,,80.49,97806.6,FLIP,0.123,0.451,12017.73," 32,72,237.77 "
20-01-2026 04:45,21-01-2026 01:30,BUY,4674.18,4767.66,93.48,4658.97,4767.66,,15.21,98167.13,TPCAP,6.146,6.531,603337.39," 38,75,575.16 "
21-01-2026 01:45,21-01-2026 03:15,BUY,4773.76,4811.95,38.19,4745.7,4811.95,,28.06,116267.25,TPCAP,1.361,1.923,158237.16," 40,33,812.32 "
21-01-2026 03:30,21-01-2026 06:45,BUY,4827.51,4866.13,38.62,4755.94,4866.13,,71.57,121014.37,TPCAP,0.54,0.607,65299.13," 40,99,111.45 "
21-01-2026 07:00,21-01-2026 09:15,BUY,4866.15,4836.5,-29.65,4804.12,4905.08,,62.03,122973.34,TRAIL,-0.478,0.36,-58780.58," 40,40,330.87 "
21-01-2026 16:30,21-01-2026 17:15,SELL,4860.49,4821.61,38.88,4882.73,4821.61,,22.24,121209.93,TPCAP,1.748,2.119,211926.4," 42,52,257.27 "
21-01-2026 18:00,21-01-2026 20:00,SELL,4847.69,4825.6,22.09,4882.71,4750.73,,35.02,127567.72,FLIP,0.631,1.291,80467.47," 43,32,724.74 "
22-01-2026 16:30,22-01-2026 22:00,BUY,4829.57,4926.16,96.59,4808.29,4926.16,,21.28,129981.74,TPCAP,4.539,4.55,589980.29," 49,22,705.03 "
22-01-2026 22:15,23-01-2026 02:45,BUY,4926.05,4965.46,39.41,4885.52,4965.46,,40.53,147681.15,TPCAP,0.972,0.98,143590.53," 50,66,295.56 "
23-01-2026 09:45,23-01-2026 10:15,SELL,4946.14,4906.57,39.57,4970.53,4906.57,,24.39,151988.87,TPCAP,1.622,1.831,246585.64," 53,12,881.20 "
23-01-2026 16:15,26-01-2026 02:00,BUY,4944.69,5043.58,98.89,4912.45,5043.58,,32.24,159386.44,TPCAP,3.067,3.074,488893.17," 58,01,774.37 "
26-01-2026 02:15,26-01-2026 03:30,BUY,5039.41,5079.72,40.31,4979.91,5079.72,,59.5,174053.23,TPCAP,0.678,0.777,117929.81," 59,19,704.18 "
26-01-2026 03:45,26-01-2026 15:00,BUY,5083.5,5069.95,-13.55,5001.53,5124.17,,81.97,177591.13,TRAIL,-0.165,0.337,-29356.59," 58,90,347.59 "
26-01-2026 16:15,26-01-2026 16:15,SELL,5071.11,5078.33,-7.22,5084.93,5030.54,,13.82,176710.43,FLIP,-0.522,0.538,-92319.05," 57,98,028.54 "
26-01-2026 16:30,26-01-2026 20:00,BUY,5078.43,5078.46,0.03,5058.52,5119.06,,19.91,173940.86,FLIP,0.002,1.34,262.09," 57,98,290.63 "
26-01-2026 20:15,27-01-2026 03:00,SELL,5078.3,5071.48,6.82,5110.09,4976.73,,31.79,173948.72,FLIP,0.215,2.775,37317.72," 58,35,608.35 "
27-01-2026 20:30,27-01-2026 23:00,BUY,5085.14,5186.84,101.7,5065.15,5186.84,,19.99,175068.25,TPCAP,5.088,5.125,890669.14," 67,26,277.49 "
27-01-2026 23:15,28-01-2026 03:45,BUY,5176.67,5218.08,41.41,5080.32,5218.08,,96.35,201788.32,TPCAP,0.43,0.504,86730.9," 68,13,008.39 "
28-01-2026 04:15,28-01-2026 07:00,BUY,5210.26,5251.94,41.68,5151.99,5251.94,,58.27,204390.25,TPCAP,0.715,0.811,146202.13," 69,59,210.52 "
28-01-2026 07:15,28-01-2026 10:00,BUY,5254.12,5296.15,42.03,5209.71,5296.15,,44.41,208776.32,TPCAP,0.946,1.025,197596.7," 71,56,807.22 "
28-01-2026 16:15,28-01-2026 16:15,SELL,5262.41,5259.28,3.13,5284.47,5220.31,,22.06,214704.22,FLIP,0.142,0.144,30463.47," 71,87,270.69 "
28-01-2026 16:30,28-01-2026 16:30,SELL,5259.2,5281.23,-22.03,5281.23,5217.13,,22.03,215618.12,SL,-1,0.402,-215618.12," 69,71,652.57 "
28-01-2026 16:45,28-01-2026 17:00,BUY,5279.36,5246.86,-32.5,5246.86,5321.59,,32.5,209149.58,SL,-1,0.58,-209149.58," 67,62,502.99 "
28-01-2026 17:15,28-01-2026 18:15,SELL,5256.75,5291.09,-34.34,5291.09,5214.69,,34.34,202875.09,SL,-1,0.341,-202875.09," 65,59,627.90 "
28-01-2026 18:30,28-01-2026 21:45,BUY,5287.62,5329.92,42.3,5246.85,5329.92,,40.77,196788.84,TPCAP,1.038,1.088,204173.46," 67,63,801.36 "
29-01-2026 02:15,29-01-2026 03:30,BUY,5495.52,5539.48,43.96,5367.88,5539.48,,127.64,202914.04,TPCAP,0.344,0.438,69889.8," 68,33,691.16 "
29-01-2026 03:45,29-01-2026 08:00,BUY,5540.18,5584.5,44.32,5407.18,5584.5,,133,205010.73,TPCAP,0.333,0.363,68316.98," 69,02,008.14 "
29-01-2026 08:15,29-01-2026 10:00,BUY,5584.4,5525.83,-58.57,5505.3,5629.07,,79.1,207060.24,TRAIL,-0.74,0.139,-153318.82," 67,48,689.32 "
29-01-2026 11:45,29-01-2026 12:45,BUY,5524.92,5488.74,-36.18,5488.74,5569.12,,36.18,202460.68,SL,-1,0.077,-202460.68," 65,46,228.64 "
29-01-2026 16:30,29-01-2026 16:30,BUY,5543.99,5517.7,-26.29,5500.41,5654.87,,43.58,196386.86,FLIP,-0.603,0.033,-118472.02," 64,27,756.62 "
29-01-2026 20:30,29-01-2026 22:00,SELL,5330.2,5296.17,34.03,5403.61,5276.9,,73.41,192832.7,FLIP,0.464,0.646,89389.68," 65,17,146.30 "
29-01-2026 22:15,29-01-2026 22:15,SELL,5296.04,5318.1,-22.06,5338.17,5243.08,,42.13,195514.39,FLIP,-0.524,0.134,-102374.73," 64,14,771.57 "
30-01-2026 03:30,30-01-2026 03:45,SELL,5357.23,5303.66,53.57,5446.9,5303.66,,89.67,192443.15,TPCAP,0.597,0.734,114975.71," 65,29,747.28 "
30-01-2026 08:00,30-01-2026 09:00,SELL,5184.72,5132.87,51.85,5272.5,5132.87,,87.78,195892.42,TPCAP,0.591,0.674,115706.63," 66,45,453.91 "
30-01-2026 09:15,30-01-2026 09:30,SELL,5173.78,5122.04,51.74,5236.88,5122.04,,63.1,199363.62,TPCAP,0.82,0.888,163469," 68,08,922.91 "
30-01-2026 09:45,30-01-2026 10:30,SELL,5146.76,5095.29,51.47,5236.84,5095.29,,90.08,204267.69,TPCAP,0.571,0.99,116712.18," 69,25,635.09 "
30-01-2026 10:45,30-01-2026 11:00,SELL,5096.37,5045.4,50.97,5215.36,5045.4,,118.99,207769.05,TPCAP,0.428,0.688,88990.25," 70,14,625.34 "
30-01-2026 16:15,30-01-2026 17:00,SELL,5052.71,5002.18,50.53,5129.87,5002.18,,77.16,210438.76,TPCAP,0.655,0.932,137806.3," 71,52,431.64 "
30-01-2026 17:15,30-01-2026 18:30,SELL,5027.44,4977.16,50.28,5125.3,4977.16,,97.86,214572.95,TPCAP,0.514,0.692,110237.13," 72,62,668.77 "
30-01-2026 18:45,30-01-2026 18:45,SELL,5010.24,4960.14,50.1,5103.3,4960.14,,93.06,217880.06,TPCAP,0.538,0.716,117307.08," 73,79,975.85 "
30-01-2026 19:00,30-01-2026 19:00,SELL,4985.38,4935.52,49.86,5103.26,4935.52,,117.88,221399.28,TPCAP,0.423,0.723,93636.61," 74,73,612.46 "
30-01-2026 22:15,30-01-2026 22:30,BUY,4899.82,4874.07,-25.75,4874.07,4948.82,,25.75,224208.37,SL,-1,0.539,-224208.37," 72,49,404.09 "
30-01-2026 22:45,30-01-2026 22:45,SELL,4861.64,4813.02,48.62,4962.06,4813.02,,100.42,217482.12,TPCAP,0.484,0.517,105292.58," 73,54,696.67 "
30-01-2026 23:00,02-02-2026 01:00,SELL,4847.6,4799.12,48.48,4962.04,4799.12,,114.44,220640.9,TPCAP,0.424,1.147,93464.48," 74,48,161.15 "
02-02-2026 02:45,02-02-2026 02:45,BUY,4804.07,4773.1,-30.97,4773.1,4852.11,,30.97,223444.83,SL,-1,0.121,-223444.83," 72,24,716.32 "
02-02-2026 04:45,02-02-2026 05:00,BUY,4764.94,4696.77,-68.17,4696.77,4812.59,,68.17,216741.49,SL,-1,0,-216741.49," 70,07,974.83 "
02-02-2026 05:30,02-02-2026 05:30,SELL,4695.96,4649,46.96,4811.77,4649,,115.81,210239.24,TPCAP,0.405,0.566,85251.91," 70,93,226.74 "
02-02-2026 07:30,02-02-2026 07:30,SELL,4658.29,4611.71,46.58,4747.16,4611.71,,88.87,212796.8,TPCAP,0.524,0.957,111544.6," 72,04,771.34 "
02-02-2026 09:30,02-02-2026 10:00,SELL,4560.13,4610.21,-50.08,4652.75,4514.53,,92.62,216143.14,FLIP,-0.541,0.38,-116869.45," 70,87,901.89 "
02-02-2026 16:15,02-02-2026 16:30,SELL,4726.31,4753.05,-26.74,4753.05,4679.05,,26.74,212637.06,SL,-1,1.728,-212637.06," 68,75,264.83 "
02-02-2026 16:45,02-02-2026 17:00,BUY,4754.1,4693.3,-60.8,4693.3,4801.64,,60.8,206257.94,SL,-1,0.139,-206257.94," 66,69,006.89 "
02-02-2026 17:15,02-02-2026 17:30,SELL,4711.32,4664.21,47.11,4799.37,4664.21,,88.05,200070.21,TPCAP,0.535,0.705,107055.17," 67,76,062.06 "
04-02-2026 02:15,04-02-2026 03:00,BUY,4987.06,5026.96,39.9,4905.54,5026.96,,81.52,203281.86,TPCAP,0.489,0.812,99485.03," 68,75,547.09 "
04-02-2026 03:30,04-02-2026 06:45,BUY,5037.47,5077.77,40.3,4922.26,5077.77,,115.21,206266.41,TPCAP,0.35,0.38,72148.88," 69,47,695.97 "
04-02-2026 07:00,04-02-2026 11:00,BUY,5080.67,5069.34,-11.33,5008.97,5121.31,,71.7,208430.88,FLIP,-0.158,0.156,-32936.15," 69,14,759.82 "
04-02-2026 16:30,04-02-2026 16:30,SELL,5030.96,4980.65,50.31,5071.14,4980.65,,40.18,207442.79,TPCAP,1.252,1.581,259746.98," 71,74,506.80 "
04-02-2026 16:45,04-02-2026 17:30,SELL,4996.19,4946.23,49.96,5071.08,4946.23,,74.89,215235.2,TPCAP,0.667,1.448,143595.13," 73,18,101.93 "
04-02-2026 18:15,04-02-2026 18:45,SELL,4932.03,4882.71,49.32,5041.85,4882.71,,109.82,219543.06,TPCAP,0.449,0.718,98599.66," 74,16,701.59 "
04-02-2026 19:15,04-02-2026 21:45,SELL,4921.21,4954.6,-33.39,4994.66,4872,,73.45,222501.05,TRAIL,-0.455,0.655,-101147.86," 73,15,553.73 "
05-02-2026 04:15,05-02-2026 04:45,SELL,4914.88,4865.73,49.15,5013.83,4865.73,,98.95,219466.61,TPCAP,0.497,1.107,109012.69," 74,24,566.42 "
05-02-2026 06:30,05-02-2026 07:15,BUY,4886.95,4846.1,-40.85,4846.1,4935.82,,40.85,222736.99,SL,-1,0.027,-222736.99," 72,01,829.43 "
05-02-2026 07:30,05-02-2026 08:00,SELL,4868.81,4910.47,-41.66,4921.16,4820.12,,52.35,216054.88,FLIP,-0.796,0.806,-171935.94," 70,29,893.49 "
05-02-2026 09:15,05-02-2026 11:00,BUY,4922.39,4869.77,-52.62,4850.87,4971.61,,71.52,210896.8,TRAIL,-0.736,0.296,-155164.85," 68,74,728.64 "
05-02-2026 11:15,05-02-2026 14:15,SELL,4862.95,4814.32,48.63,4944.68,4814.32,,81.73,206241.86,TPCAP,0.595,0.639,122717.57," 69,97,446.21 "
05-02-2026 16:15,05-02-2026 18:00,SELL,4814.43,4820.75,-6.32,4885.64,4766.28,,71.21,209923.39,FLIP,-0.089,0.195,-18631.03," 69,78,815.18 "
05-02-2026 19:15,05-02-2026 21:00,BUY,4875.76,4851.28,-24.48,4802.38,4924.52,,73.38,209364.46,FLIP,-0.334,0.122,-69845.21," 69,08,969.97 "
05-02-2026 22:00,05-02-2026 23:30,SELL,4829.3,4781.01,48.29,4889.47,4781.01,,60.17,207269.1,TPCAP,0.803,1.155,166360.58," 70,75,330.55 "
05-02-2026 23:45,06-02-2026 01:45,SELL,4764.37,4716.72,47.65,4865.59,4716.72,,101.22,212259.92,TPCAP,0.471,0.602,99912.31," 71,75,242.86 "
06-02-2026 04:15,06-02-2026 04:30,BUY,4787.71,4835.59,47.88,4689.88,4835.59,,97.83,215257.29,TPCAP,0.489,0.601,105342.07," 72,80,584.93 "
06-02-2026 05:15,06-02-2026 07:30,BUY,4814.5,4862.64,48.14,4722.04,4862.64,,92.46,218417.55,TPCAP,0.521,0.616,113729.49," 73,94,314.42 "
06-02-2026 08:00,09-02-2026 01:15,BUY,4898,4995.96,97.96,4778.98,4995.96,,119.02,221829.43,TPCAP,0.823,1.08,182572.97," 75,76,887.39 "
09-02-2026 04:15,09-02-2026 07:00,SELL,4997.2,5015.23,-18.03,5032.6,4957.22,,35.4,227306.62,FLIP,-0.509,0.308,-115772.27," 74,61,115.12 "
09-02-2026 07:15,09-02-2026 09:00,BUY,5015.37,5013.04,-2.33,4991.48,5055.49,,23.89,223833.45,FLIP,-0.098,1.265,-21830.55," 74,39,284.57 "
09-02-2026 09:15,09-02-2026 16:00,SELL,5012.86,5015.43,-2.57,5047.24,4972.76,,34.38,223178.54,FLIP,-0.075,0.886,-16683.21," 74,22,601.36 "
09-02-2026 16:30,09-02-2026 23:00,BUY,5021.19,5063.08,41.89,4989.71,5121.61,,31.48,222678.04,FLIP,1.331,2.079,296314.58," 77,18,915.94 "
10-02-2026 01:15,10-02-2026 10:00,SELL,5013.07,5033.12,-20.05,5087.41,4962.94,,74.34,231567.48,FLIP,-0.27,0.144,-62455.31," 76,56,460.63 "
11-02-2026 02:30,11-02-2026 03:45,SELL,5040.06,5053.01,-12.95,5053.01,4939.26,,12.95,229693.82,SL,-1,0.715,-229693.82," 74,26,766.81 "
11-02-2026 16:15,11-02-2026 19:15,SELL,5073.79,5087.82,-14.03,5087.82,4972.31,,14.03,222803,SL,-1,2.7,-222803," 72,03,963.81 "
11-02-2026 19:30,12-02-2026 01:00,BUY,5087.73,5066.03,-21.7,5061.17,5189.48,,26.56,216118.91,TRAIL,-0.817,0.461,-176573.06," 70,27,390.75 "
12-02-2026 16:15,12-02-2026 18:00,SELL,5065.22,4963.91,101.31,5084.7,4963.91,,19.48,210821.72,TPCAP,5.201,5.983,1096392," 81,23,782.75 "
13-02-2026 04:15,13-02-2026 07:00,BUY,4978.45,4978.3,-0.15,4910.25,5028.23,,68.2,243713.48,FLIP,-0.002,0.276,-536.03," 81,23,246.72 "
13-02-2026 16:15,16-02-2026 01:00,BUY,4998.22,5009.96,11.74,4945.58,5098.18,,52.64,243697.4,TRAIL,0.223,1.039,54350.45," 81,77,597.17 "
16-02-2026 04:15,16-02-2026 09:00,SELL,5021.96,4996.47,25.49,5040.43,4921.52,,18.47,245327.92,FLIP,1.38,3.003,338571.12," 85,16,168.29 "
17-02-2026 01:15,17-02-2026 02:45,SELL,4990.98,4941.07,49.91,5002.21,4941.07,,11.23,255485.05,TPCAP,4.444,5.232,1135488.85," 96,51,657.14 "
17-02-2026 03:00,17-02-2026 07:30,SELL,4935.73,4886.37,49.36,5005.86,4886.37,,70.13,289549.71,TPCAP,0.704,1.085,203789.66," 98,55,446.80 "
17-02-2026 07:45,17-02-2026 12:00,SELL,4879.59,4937.21,-57.62,4973.65,4830.79,,94.06,295663.4,TRAIL,-0.613,0.06,-181119.77," 96,74,327.03 "
17-02-2026 14:15,17-02-2026 15:15,BUY,4933.91,4913.99,-19.92,4913.99,4983.25,,19.92,290229.81,SL,-1,0.518,-290229.81," 93,84,097.22 "
17-02-2026 15:30,17-02-2026 15:45,SELL,4919.62,4870.42,49.2,4937.06,4870.42,,17.44,281522.92,TPCAP,2.821,2.833,794164.2," 1,01,78,261.42 "
17-02-2026 16:00,17-02-2026 20:00,SELL,4870.67,4867.08,3.59,4936.99,4821.96,,66.32,305347.84,FLIP,0.054,0.421,16528.93," 1,01,94,790.35 "
18-02-2026 04:15,18-02-2026 10:00,BUY,4898.83,4929.42,30.59,4860.58,4996.8,,38.25,305843.71,FLIP,0.8,1.137,244595.01," 1,04,39,385.36 "
18-02-2026 14:15,18-02-2026 21:00,BUY,4921.96,4991.94,69.98,4902.61,5020.4,,19.35,313181.56,FLIP,3.617,4.599,1132632.85," 1,15,72,018.21 "
20-02-2026 16:15,20-02-2026 17:00,BUY,5043.13,5007.77,-35.36,5007.77,5083.47,,35.36,347160.55,SL,-1,0.593,-347160.55," 1,12,24,857.66 "
20-02-2026 17:15,20-02-2026 18:30,SELL,5022.39,5062.46,-40.07,5062.46,4921.94,,40.07,336745.73,SL,-1,0.27,-336745.73," 1,08,88,111.93 "
20-02-2026 18:45,23-02-2026 01:45,BUY,5063.27,5164.53,101.26,5018.8,5164.53,,44.47,326643.36,TPCAP,2.277,2.444,743800.79," 1,16,31,912.72 "
23-02-2026 02:00,23-02-2026 08:00,BUY,5165.56,5159.53,-6.03,5071.98,5206.88,,93.58,348957.38,FLIP,-0.064,0.118,-22485.71," 1,16,09,427.01 "
23-02-2026 16:15,23-02-2026 16:45,BUY,5157.22,5198.48,41.26,5136.8,5198.48,,20.42,348282.81,TPCAP,2.02,2.12,703673.18," 1,23,13,100.19 "
23-02-2026 17:00,23-02-2026 22:45,BUY,5192.71,5234.25,41.54,5136.75,5234.25,,55.96,369393.01,TPCAP,0.742,0.806,274210.54," 1,25,87,310.73 "
24-02-2026 01:15,24-02-2026 03:00,BUY,5244.72,5211.89,-32.83,5209.1,5286.68,,35.62,377619.32,TRAIL,-0.922,0.141,-348041.62," 1,22,39,269.11 "
24-02-2026 12:15,24-02-2026 14:15,BUY,5174.76,5160,-14.76,5160,5226.51,,14.76,367178.07,SL,-1,0.449,-367178.07," 1,18,72,091.04 "
24-02-2026 14:30,24-02-2026 16:00,SELL,5161.55,5109.93,51.62,5187.75,5109.93,,26.2,356162.73,TPCAP,1.97,2.582,701678.64," 1,25,73,769.68 "
24-02-2026 16:15,24-02-2026 19:00,SELL,5104.83,5156.49,-51.66,5176.61,5053.78,,71.78,377213.09,FLIP,-0.72,0.058,-271479.91," 1,23,02,289.77 "
24-02-2026 19:15,24-02-2026 23:00,BUY,5156.53,5161.06,4.53,5115.94,5208.09,,40.59,369068.69,FLIP,0.112,0.411,41189.48," 1,23,43,479.25 "
25-02-2026 01:30,25-02-2026 03:00,SELL,5130.86,5167.22,-36.36,5174.34,5079.55,,43.48,370304.38,TRAIL,-0.836,0.028,-309665.76," 1,20,33,813.49 "
25-02-2026 20:15,26-02-2026 02:00,SELL,5207.1,5167.64,39.46,5220.41,5102.96,,13.31,361014.4,FLIP,2.965,4.601,1070295.15," 1,31,04,108.64 "
27-02-2026 13:30,27-02-2026 15:15,BUY,5177.86,5229.64,51.78,5164.05,5229.64,,13.81,393123.26,TPCAP,3.749,4.543,1473921.86," 1,45,78,030.50 "
27-02-2026 15:30,27-02-2026 23:45,BUY,5235.43,5277.31,41.88,5169.92,5277.31,,65.51,437340.91,TPCAP,0.639,0.699,279604.44," 1,48,57,634.94 "
02-03-2026 01:00,02-03-2026 01:00,BUY,5301.8,5344.21,42.41,5231.64,5344.21,,70.16,445729.05,TPCAP,0.605,1.106,269453.63," 1,51,27,088.57 "
02-03-2026 04:15,02-03-2026 08:00,BUY,5328.18,5370.8,42.62,5299.77,5370.8,,28.41,453812.66,TPCAP,1.5,1.828,680869.14," 1,58,07,957.71 "
02-03-2026 16:15,02-03-2026 18:00,SELL,5375.05,5267.55,107.5,5416.26,5267.55,,41.21,474238.73,TPCAP,2.609,2.776,1237135.91," 1,70,45,093.62 "
02-03-2026 19:00,02-03-2026 21:00,SELL,5289.99,5330.66,-40.67,5383.16,5237.09,,93.17,511352.81,FLIP,-0.437,0.033,-223212.61," 1,68,21,881.01 "
03-03-2026 08:15,03-03-2026 11:15,SELL,5289.78,5236.88,52.9,5377.92,5236.88,,88.14,504656.43,TPCAP,0.6,0.719,302880.32," 1,71,24,761.33 "
03-03-2026 11:30,03-03-2026 13:00,SELL,5242.21,5189.79,52.42,5345.18,5189.79,,102.97,513742.84,TPCAP,0.509,0.792,261553.33," 1,73,86,314.66 "
03-03-2026 13:15,03-03-2026 13:15,SELL,5198.41,5146.42,51.99,5311.99,5146.42,,113.58,521589.44,TPCAP,0.458,0.714,238730.72," 1,76,25,045.38 "
03-03-2026 14:15,03-03-2026 15:45,SELL,5192.83,5140.9,51.93,5291.87,5140.9,,99.04,528751.36,TPCAP,0.524,0.66,277239.97," 1,79,02,285.35 "
03-03-2026 16:00,03-03-2026 16:30,SELL,5156.57,5105,51.57,5263.04,5105,,106.47,537068.56,TPCAP,0.484,0.888,260120.36," 1,81,62,405.71 "
03-03-2026 18:00,03-03-2026 20:00,SELL,5095.35,5103.46,-8.11,5215.34,5044.4,,119.99,544872.17,FLIP,-0.068,0.251,-36827.35," 1,81,25,578.36 "
04-03-2026 03:15,04-03-2026 08:00,BUY,5159.71,5137.6,-22.11,5087.76,5211.31,,71.95,543767.35,TRAIL,-0.307,0.434,-167097.93," 1,79,58,480.43 "
04-03-2026 16:15,04-03-2026 20:15,SELL,5165.07,5113.42,51.65,5203.89,5113.42,,38.82,538754.41,TPCAP,1.331,1.383,716840.36," 1,86,75,320.79 "
05-03-2026 01:30,05-03-2026 07:00,BUY,5154.75,5175.6,20.85,5118.45,5206.3,,36.3,560259.62,FLIP,0.574,1.107,321802.02," 1,89,97,122.81 "
05-03-2026 13:30,05-03-2026 15:00,BUY,5163.33,5149.77,-13.56,5149.77,5214.96,,13.56,569913.68,SL,-1,0.606,-569913.68," 1,84,27,209.13 "
05-03-2026 15:15,05-03-2026 15:15,SELL,5155.8,5104.24,51.56,5177.62,5104.24,,21.82,552816.27,TPCAP,2.363,3.277,1306270.4," 1,97,33,479.53 "
05-03-2026 15:30,05-03-2026 17:00,SELL,5122,5070.78,51.22,5177.57,5070.78,,55.57,592004.39,TPCAP,0.922,1.076,545676.34," 2,02,79,155.87 "
05-03-2026 17:15,06-03-2026 01:15,SELL,5085.28,5095.81,-10.53,5156.16,5034.43,,70.88,608374.68,TRAIL,-0.149,0.483,-90380.72," 2,01,88,775.15 "
06-03-2026 02:45,06-03-2026 03:00,SELL,5083.53,5077.21,6.32,5095.68,5032.69,,12.15,605663.25,FLIP,0.52,1.39,315044.59," 2,05,03,819.74 "
06-03-2026 03:45,06-03-2026 07:00,BUY,5118.55,5126.63,8.08,5066.58,5220.92,,51.97,615114.59,FLIP,0.155,0.477,95634.52," 2,05,99,454.26 "
06-03-2026 16:15,09-03-2026 01:00,BUY,5097.1,5138.9,41.8,5062.78,5199.04,,34.32,617983.63,TRAIL,1.218,2.951,752672.37," 2,13,52,126.63 "
09-03-2026 01:30,09-03-2026 02:30,SELL,5155.39,5052.28,103.11,5177.54,5052.28,,22.15,640563.8,TPCAP,4.655,4.998,2981886.66," 2,43,34,013.29 "
09-03-2026 02:45,09-03-2026 04:00,SELL,5072.89,5022.16,50.73,5177.42,5022.16,,104.53,730020.4,TPCAP,0.485,0.554,354291.41," 2,46,88,304.70 "
09-03-2026 05:00,09-03-2026 08:30,BUY,5070.2,5120.9,50.7,5052.41,5120.9,,17.79,740649.14,TPCAP,2.85,2.868,2110816.75," 2,67,99,121.45 "
09-03-2026 20:15,09-03-2026 21:00,SELL,5099.68,5097.62,2.06,5114.87,4997.68,,15.19,803973.64,FLIP,0.136,0.699,109031.32," 2,69,08,152.77 "
09-03-2026 21:30,10-03-2026 13:30,BUY,5105.33,5166.79,61.46,5079.26,5207.43,,26.07,807244.58,TRAIL,2.357,3.448,1903078.33," 2,88,11,231.10 "
10-03-2026 16:15,10-03-2026 21:00,BUY,5200.81,5216.02,15.21,5166.88,5304.82,,33.93,864336.93,FLIP,0.448,1.113,387461.38," 2,91,98,692.48 "
10-03-2026 21:15,11-03-2026 03:00,SELL,5215.86,5192.68,23.18,5240.59,5111.54,,24.73,875960.77,FLIP,0.937,2.219,821058.26," 3,00,19,750.74 "
12-03-2026 01:15,12-03-2026 04:00,SELL,5175.01,5157.22,17.79,5190.43,5123.26,,15.42,900592.52,FLIP,1.154,3.198,1039010.44," 3,10,58,761.18 "
12-03-2026 08:15,12-03-2026 09:00,SELL,5146.19,5154.44,-8.25,5166.58,5094.73,,20.39,931762.84,FLIP,-0.405,0.438,-377000.66," 3,06,81,760.52 "
12-03-2026 09:15,12-03-2026 15:15,BUY,5154.6,5165.28,10.68,5132.61,5206.14,,21.99,920452.82,TRAIL,0.486,1.689,447041.2," 3,11,28,801.72 "
12-03-2026 16:30,12-03-2026 23:30,SELL,5171.23,5067.8,103.43,5193.65,5067.8,,22.42,933864.05,TPCAP,4.613,5.18,4308070.65," 3,54,36,872.37 "
12-03-2026 23:45,13-03-2026 03:00,SELL,5072.3,5106.09,-33.79,5118.89,5021.58,,46.59,1063106.17,TRAIL,-0.725,0.003,-771031.5," 3,46,65,840.87 "
13-03-2026 14:30,13-03-2026 17:00,BUY,5095.6,5090.98,-4.62,5071.37,5146.55,,24.23,1039975.23,FLIP,-0.191,1.083,-198294.9," 3,44,67,545.97 "
13-03-2026 17:15,13-03-2026 17:45,SELL,5090.62,5039.71,50.91,5124.22,5039.71,,33.6,1034026.38,TPCAP,1.515,1.624,1566657.68," 3,60,34,203.65 "
13-03-2026 18:00,16-03-2026 02:15,SELL,5041.64,4991.22,50.42,5124.14,4991.22,,82.5,1081026.11,TPCAP,0.611,0.897,660640.61," 3,66,94,844.26 "
16-03-2026 12:30,16-03-2026 14:15,SELL,4988.91,5008.45,-19.54,5020.49,4939.02,,31.58,1100845.33,TRAIL,-0.619,0.591,-681143.69," 3,60,13,700.57 "
16-03-2026 14:30,16-03-2026 17:00,BUY,5019.37,5028.12,8.75,4980.96,5069.56,,38.41,1080411.02,FLIP,0.228,0.484,246123.31," 3,62,59,823.88 "
16-03-2026 17:15,16-03-2026 17:15,BUY,5028.26,5014.76,-13.5,5012.61,5128.82,,15.65,1087794.72,FLIP,-0.863,0.107,-938353.27," 3,53,21,470.61 "
16-03-2026 17:30,16-03-2026 21:00,SELL,5014.66,4999.01,15.65,5033.75,4914.36,,19.09,1059644.12,FLIP,0.82,2.124,868697.25," 3,61,90,167.86 "
17-03-2026 04:30,17-03-2026 09:00,BUY,5013.69,5012.93,-0.76,4993.61,5113.96,,20.08,1085705.04,TRAIL,-0.038,1.537,-41092.42," 3,61,49,075.44 "
18-03-2026 12:15,18-03-2026 14:30,SELL,4986.26,4936.4,49.86,5011.63,4936.4,,25.37,1084472.26,TPCAP,1.965,2.031,2131494.54," 3,82,80,569.98 "
18-03-2026 14:45,18-03-2026 15:30,SELL,4939,4889.61,49.39,5003.37,4889.61,,64.37,1148417.1,TPCAP,0.767,1.008,881183.99," 3,91,61,753.97 "
18-03-2026 15:45,18-03-2026 23:00,SELL,4878.19,4829.41,48.78,4992.23,4829.41,,114.04,1174852.62,TPCAP,0.428,0.476,502569.89," 3,96,64,323.86 "
18-03-2026 23:15,19-03-2026 04:00,SELL,4825.6,4838.02,-12.42,4888.45,4777.34,,62.85,1189929.72,FLIP,-0.198,0.336,-235146.02," 3,94,29,177.84 "
19-03-2026 08:15,19-03-2026 09:30,SELL,4850.45,4801.94,48.51,4865.48,4801.94,,15.03,1182875.34,TPCAP,3.227,4.667,3817452.72," 4,32,46,630.56 "
19-03-2026 09:45,19-03-2026 10:30,SELL,4786.08,4738.22,47.86,4863.13,4738.22,,77.05,1297398.92,TPCAP,0.621,0.652,805921.31," 4,40,52,551.87 "
19-03-2026 10:45,19-03-2026 11:30,SELL,4739.71,4692.31,47.4,4856.13,4692.31,,116.42,1321576.56,TPCAP,0.407,0.454,538057.16," 4,45,90,609.03 "
19-03-2026 12:00,19-03-2026 14:30,SELL,4709.04,4661.95,47.09,4823.67,4661.95,,114.63,1337718.27,TPCAP,0.411,0.443,549554.46," 4,51,40,163.49 "
19-03-2026 14:45,19-03-2026 15:00,SELL,4664.1,4617.46,46.64,4742.92,4617.46,,78.82,1354204.9,TPCAP,0.592,0.684,801360.46," 4,59,41,523.95 "
19-03-2026 15:15,19-03-2026 15:30,SELL,4619.38,4573.18,46.2,4724.7,4573.18,,105.32,1378245.72,TPCAP,0.439,0.563,604521.45," 4,65,46,045.40 "
19-03-2026 20:15,19-03-2026 22:00,SELL,4579.35,4639.8,-60.45,4642.57,4533.56,,63.22,1396381.36,TRAIL,-0.956,0.082,-1335198.57," 4,52,10,846.83 "
19-03-2026 23:00,20-03-2026 04:45,BUY,4644.02,4690.46,46.44,4577.63,4690.46,,66.39,1356325.4,TPCAP,0.699,0.835,948731.13," 4,61,59,577.96 "
20-03-2026 05:00,20-03-2026 08:00,BUY,4677.48,4718.47,40.99,4630.19,4771.03,,47.29,1384787.34,FLIP,0.867,1.232,1200305.2," 4,73,59,883.16 "
20-03-2026 16:15,20-03-2026 17:15,SELL,4661.96,4568.72,93.24,4689.36,4568.72,,27.4,1420796.49,TPCAP,3.403,4.029,4834949.73," 5,21,94,832.89 "
20-03-2026 17:45,20-03-2026 21:30,SELL,4575.92,4530.16,45.76,4689.23,4530.16,,113.31,1565844.99,TPCAP,0.404,0.451,632370.04," 5,28,27,202.93 "
20-03-2026 21:45,20-03-2026 21:45,SELL,4525.98,4480.72,45.26,4614.63,4480.72,,88.65,1584816.09,TPCAP,0.511,0.55,809142.92," 5,36,36,345.85 "
20-03-2026 22:15,23-03-2026 01:00,SELL,4500.48,4455.47,45.01,4599.84,4455.47,,99.36,1609090.38,TPCAP,0.453,0.514,728853.49," 5,43,65,199.34 "
23-03-2026 01:15,23-03-2026 02:45,SELL,4506.92,4461.85,45.07,4541.41,4461.85,,34.49,1630955.98,TPCAP,1.307,1.579,2131284.47," 5,64,96,483.81 "
23-03-2026 03:00,23-03-2026 03:15,SELL,4464.65,4420,44.65,4541.35,4420,,76.7,1694894.51,TPCAP,0.582,0.783,986614.23," 5,74,83,098.04 "
23-03-2026 03:30,23-03-2026 03:30,SELL,4427.14,4382.87,44.27,4529.67,4382.87,,102.53,1724492.94,TPCAP,0.432,0.947,744640.19," 5,82,27,738.23 "
23-03-2026 08:30,23-03-2026 08:45,SELL,4356.17,4312.61,43.56,4404.13,4312.61,,47.96,1746832.15,TPCAP,0.908,1.12,1586681.58," 5,98,14,419.81 "
23-03-2026 09:00,23-03-2026 09:15,SELL,4310.17,4267.07,43.1,4404.07,4267.07,,93.9,1794432.59,TPCAP,0.459,0.757,823699.98," 6,06,38,119.79 "
23-03-2026 15:30,23-03-2026 15:30,SELL,4390.09,4407.02,-16.93,4407.02,4302.29,,16.93,1819143.59,SL,-1,0.914,-1819143.59," 5,88,18,976.20 "
23-03-2026 19:15,23-03-2026 21:00,SELL,4383.99,4421.34,-37.35,4492.72,4296.31,,108.73,1764569.29,FLIP,-0.344,0.288,-606149.75," 5,82,12,826.45 "
24-03-2026 03:30,24-03-2026 03:30,SELL,4378.21,4334.43,43.78,4446.58,4334.43,,68.37,1746384.79,TPCAP,0.64,0.683,1118365.72," 5,93,31,192.17 "
24-03-2026 03:45,24-03-2026 09:00,SELL,4344.17,4366.61,-22.44,4446.53,4300.73,,102.36,1779935.77,FLIP,-0.219,0.372,-390208.66," 5,89,40,983.51 "
24-03-2026 15:45,24-03-2026 17:00,SELL,4369.47,4395.24,-25.77,4443.7,4282.08,,74.23,1768229.51,FLIP,-0.347,0.241,-613866.02," 5,83,27,117.49 "
24-03-2026 20:45,24-03-2026 23:00,SELL,4377.87,4400.81,-22.94,4433.53,4290.31,,55.66,1749813.52,FLIP,-0.412,0.096,-721177.19," 5,76,05,940.30 "
25-03-2026 01:15,25-03-2026 02:30,BUY,4483.46,4519.33,35.87,4385.15,4519.33,,98.31,1728178.21,TPCAP,0.365,0.641,630494.82," 5,82,36,435.12 "
25-03-2026 03:15,25-03-2026 04:30,BUY,4550.6,4587,36.4,4441.57,4587,,109.03,1747093.05,TPCAP,0.334,0.372,583332.63," 5,88,19,767.75 "
25-03-2026 20:15,25-03-2026 22:00,SELL,4551.08,4505.57,45.51,4575.98,4505.57,,24.9,1764593.03,TPCAP,1.828,2.571,3225314.64," 6,20,45,082.39 "
25-03-2026 22:15,26-03-2026 03:00,SELL,4509,4527.69,-18.69,4573.29,4463.91,,64.29,1861352.47,FLIP,-0.291,0.311,-541121.13," 6,15,03,961.26 "
26-03-2026 08:15,26-03-2026 08:45,SELL,4508.61,4463.52,45.09,4532.89,4463.52,,24.28,1845118.84,TPCAP,1.857,2.867,3426343.13," 6,49,30,304.39 "
26-03-2026 09:00,26-03-2026 16:00,SELL,4439.07,4438.48,0.59,4532.79,4394.68,,93.72,1947909.13,FLIP,0.006,0.279,12262.77," 6,49,42,567.16 "
26-03-2026 16:45,26-03-2026 19:00,BUY,4453.84,4439.97,-13.87,4411.29,4498.38,,42.55,1948277.01,FLIP,-0.326,0.599,-635078.78," 6,43,07,488.38 "
26-03-2026 19:15,26-03-2026 19:15,SELL,4439.83,4395.43,44.4,4474.68,4395.43,,34.85,1929224.65,TPCAP,1.274,1.509,2457870.96," 6,67,65,359.34 "
26-03-2026 19:30,26-03-2026 23:00,SELL,4396.48,4352.51,43.97,4474.61,4352.51,,78.13,2002960.78,TPCAP,0.563,0.58,1127126.25," 6,78,92,485.59 "
27-03-2026 04:15,27-03-2026 04:15,SELL,4393.77,4402.9,-9.13,4402.9,4349.83,,9.13,2036774.57,SL,-1,0.288,-2036774.57," 6,58,55,711.02 "
27-03-2026 04:30,27-03-2026 08:30,BUY,4406.66,4450.73,44.07,4370.93,4450.73,,35.73,1975671.33,TPCAP,1.233,1.916,2436567.31," 6,82,92,278.33 "
27-03-2026 16:15,27-03-2026 18:00,BUY,4428.92,4517.5,88.58,4405.67,4517.5,,23.25,2048768.35,TPCAP,3.81,4.509,7805217.02," 7,60,97,495.35 "
27-03-2026 18:15,30-03-2026 01:00,BUY,4525.63,4486.6,-39.03,4415.24,4561.83,,110.39,2282924.86,TRAIL,-0.354,0.27,-807161.49," 7,52,90,333.86 "
30-03-2026 02:15,30-03-2026 05:00,SELL,4478.39,4472.77,5.62,4525.7,4388.82,,47.31,2258710.02,FLIP,0.119,1.236,268314.32," 7,55,58,648.18 "
30-03-2026 05:15,30-03-2026 06:15,BUY,4472.86,4517.59,44.73,4429.92,4517.59,,42.94,2266759.45,TPCAP,1.042,1.042,2361109.22," 7,79,19,757.40 "
30-03-2026 08:15,30-03-2026 16:00,BUY,4504.97,4565.83,60.86,4468.25,4595.07,,36.72,2337592.72,FLIP,1.657,2.066,3874343.49," 8,17,94,100.89 "
30-03-2026 16:15,30-03-2026 16:15,BUY,4566.1,4567.52,1.42,4553.94,4602.63,,12.16,2453823.03,FLIP,0.117,0.435,286548.41," 8,20,80,649.30 "
30-03-2026 16:30,30-03-2026 16:30,BUY,4567.66,4554.35,-13.31,4554.35,4604.2,,13.31,2462419.48,SL,-1,0.473,-2462419.48," 7,96,18,229.82 "
30-03-2026 16:45,31-03-2026 03:00,SELL,4544.15,4516.13,28.02,4575.73,4453.26,,31.58,2388546.89,FLIP,0.887,1.629,2119287.02," 8,17,37,516.84 "
31-03-2026 03:15,31-03-2026 03:15,BUY,4516.27,4490.56,-25.71,4490.56,4606.59,,25.71,2452125.51,SL,-1,0.083,-2452125.51," 7,92,85,391.33 "
31-03-2026 16:15,31-03-2026 17:00,BUY,4581.59,4618.24,36.65,4548.45,4618.24,,33.14,2378561.74,TPCAP,1.106,1.32,2630606.03," 8,19,15,997.36 "
31-03-2026 17:15,31-03-2026 20:00,BUY,4615.25,4652.17,36.92,4554.79,4652.17,,60.46,2457479.92,TPCAP,0.611,0.671,1500703.24," 8,34,16,700.60 "
31-03-2026 20:15,31-03-2026 22:15,BUY,4643.01,4680.15,37.14,4591.07,4680.15,,51.94,2502501.02,TPCAP,0.715,0.735,1789574.42," 8,52,06,275.02 "
31-03-2026 22:30,01-04-2026 03:15,BUY,4673.01,4710.39,37.38,4628.57,4710.39,,44.44,2556188.25,TPCAP,0.841,1.101,2150272," 8,73,56,547.02 "
01-04-2026 03:30,01-04-2026 07:00,BUY,4721.98,4673.57,-48.41,4658.76,4759.75,,63.22,2620696.41,TRAIL,-0.766,0.035,-2006768.64," 8,53,49,778.38 "
01-04-2026 07:15,01-04-2026 08:30,SELL,4673.76,4698.76,-25,4708.23,4636.37,,34.47,2560493.35,TRAIL,-0.725,0.193,-1857044.79," 8,34,92,733.59 "
01-04-2026 08:45,01-04-2026 10:30,BUY,4702.38,4740,37.62,4670.02,4740,,32.36,2504782.01,TPCAP,1.162,1.402,2911770.38," 8,64,04,503.97 "
01-04-2026 10:45,01-04-2026 17:45,BUY,4730.74,4768.58,37.84,4671.49,4768.58,,59.25,2592135.12,TPCAP,0.639,0.642,1655680.04," 8,80,60,184.01 "
01-04-2026 18:00,01-04-2026 21:00,BUY,4760.89,4771.18,10.29,4715.16,4798.98,,45.73,2641805.52,FLIP,0.225,0.701,594449.57," 8,86,54,633.58 "
01-04-2026 22:15,02-04-2026 01:00,SELL,4759.62,4759.13,0.49,4788.47,4721.54,,28.85,2659639.01,FLIP,0.017,0.255,45172.38," 8,86,99,805.96 "
02-04-2026 01:15,02-04-2026 02:15,BUY,4759.23,4797.3,38.07,4746.51,4797.3,,12.72,2660994.18,TPCAP,2.993,3.122,7964740.5," 9,66,64,546.46 "
02-04-2026 02:30,02-04-2026 04:00,BUY,4795.11,4756.14,-38.97,4746.46,4833.47,,48.65,2899936.39,TRAIL,-0.801,0.108,-2322929.52," 9,43,41,616.94 "
02-04-2026 04:15,02-04-2026 04:30,SELL,4750.75,4655.73,95.02,4801.22,4655.73,,50.47,2830248.51,TPCAP,1.883,1.981,5328381.63," 9,96,69,998.57 "
02-04-2026 08:45,02-04-2026 08:45,SELL,4634.03,4587.69,46.34,4709.25,4587.69,,75.22,2990099.96,TPCAP,0.616,0.635,1842143.26," 10,15,12,141.83 "
02-04-2026 09:30,02-04-2026 16:00,SELL,4591.18,4587.55,3.63,4698.27,4545.27,,107.09,3045364.25,FLIP,0.034,0.096,103227.87," 10,16,15,369.70 "
02-04-2026 16:15,02-04-2026 16:15,SELL,4587.42,4597.62,-10.2,4631.63,4541.54,,44.21,3048461.09,FLIP,-0.231,0.146,-703331.9," 10,09,12,037.80 "
02-04-2026 16:30,02-04-2026 16:30,SELL,4597.54,4602.18,-4.64,4626.69,4551.56,,29.15,3027361.13,FLIP,-0.159,0.391,-481885.27," 10,04,30,152.53 "
02-04-2026 16:45,02-04-2026 16:45,SELL,4601.94,4616.9,-14.96,4616.9,4509.9,,14.96,3012904.58,SL,-1,0.087,-3012904.58," 9,74,17,247.95 "
02-04-2026 17:00,02-04-2026 17:30,BUY,4646.38,4692.84,46.46,4590.39,4692.84,,55.99,2922517.44,TPCAP,0.83,0.952,2425209.26," 9,98,42,457.21 "
02-04-2026 17:45,06-04-2026 01:00,BUY,4693.73,4646.07,-47.66,4590.32,4787.6,,103.41,2995273.72,TRAIL,-0.461,0,-1380473.31," 9,84,61,983.90 "
06-04-2026 01:45,06-04-2026 05:00,SELL,4642.56,4636.25,6.31,4683.61,4596.13,,41.05,2953859.52,FLIP,0.154,1.017,454052.46," 9,89,16,036.36 "
06-04-2026 09:15,06-04-2026 10:45,SELL,4660.87,4675.9,-15.03,4675.9,4567.65,,15.03,2967481.09,SL,-1,1.055,-2967481.09," 9,59,48,555.27 "
07-04-2026 09:30,07-04-2026 11:15,BUY,4641.13,4687.54,46.41,4632.51,4687.54,,8.62,2878456.66,TPCAP,5.384,5.771,15497583.93," 11,14,46,139.20 "
07-04-2026 14:15,07-04-2026 20:00,SELL,4635.63,4669.07,-33.44,4676.32,4542.91,,40.69,3343384.18,TRAIL,-0.822,0.69,-2747671.83," 10,86,98,467.37 "
07-04-2026 20:15,08-04-2026 01:30,BUY,4668.22,4761.58,93.36,4631.56,4761.58,,36.66,3260954.02,TPCAP,2.547,3.041,8304651.86," 11,70,03,119.23 "
08-04-2026 01:45,08-04-2026 01:45,BUY,4770.27,4808.43,38.16,4669.77,4808.43,,100.5,3510093.58,TPCAP,0.38,0.491,1332826.89," 11,83,35,946.12 "
08-04-2026 03:15,08-04-2026 11:00,BUY,4835.1,4815.19,-19.91,4741.3,4873.78,,93.8,3550078.38,FLIP,-0.212,0.092,-753540.09," 11,75,82,406.03 "
08-04-2026 16:45,09-04-2026 04:00,SELL,4774.28,4720.6,53.68,4811.3,4678.79,,37.02,3527472.18,FLIP,1.45,2.042,5114929.95," 12,26,97,335.98 "
09-04-2026 16:15,09-04-2026 18:30,BUY,4754.9,4792.94,38.04,4725.38,4792.94,,29.52,3680920.08,TPCAP,1.289,1.459,4743070.02," 12,74,40,406.00 "
09-04-2026 18:45,09-04-2026 21:00,BUY,4790.45,4783.88,-6.57,4734.38,4828.77,,56.07,3823212.18,FLIP,-0.117,0.192,-447984.73," 12,69,92,421.27 "
10-04-2026 12:45,10-04-2026 18:00,BUY,4750.68,4781.86,31.18,4734.67,4845.69,,16.01,3809772.64,FLIP,1.948,2.77,7419657.14," 13,44,12,078.41 "
13-04-2026 01:15,13-04-2026 04:00,SELL,4676.36,4707.76,-31.4,4772.7,4629.6,,96.34,4032362.35,TRAIL,-0.326,0.332,-1314263.83," 13,30,97,814.58 "
13-04-2026 04:15,13-04-2026 12:00,BUY,4715.34,4719.12,3.78,4659.24,4762.49,,56.1,3992934.44,FLIP,0.067,0.439,269042.64," 13,33,66,857.22 "
14-04-2026 01:15,14-04-2026 08:00,BUY,4748.64,4765.5,16.86,4724.79,4786.63,,23.85,4001005.72,FLIP,0.707,1.192,2828383.92," 13,61,95,241.14 "
14-04-2026 16:15,14-04-2026 20:00,BUY,4782.12,4820.38,38.26,4756.27,4820.38,,25.85,4085857.23,TPCAP,1.48,1.99,6046739.94," 14,22,41,981.08 "
14-04-2026 20:15,15-04-2026 04:15,BUY,4827.25,4865.87,38.62,4788.24,4865.87,,39.01,4267259.43,TPCAP,0.99,1.132,4224265.23," 14,64,66,246.31 "
16-04-2026 01:30,16-04-2026 11:00,BUY,4801.35,4812.87,11.52,4783.67,4897.37,,17.68,4393987.39,TRAIL,0.652,2.092,2863050.61," 14,93,29,296.92 "
16-04-2026 16:15,16-04-2026 16:15,BUY,4817.5,4815.64,-1.86,4808.32,4913.85,,9.18,4479878.91,FLIP,-0.203,0.411,-907687.88," 14,84,21,609.04 "
16-04-2026 16:45,17-04-2026 07:00,SELL,4816.14,4795.35,20.79,4829.25,4719.81,,13.11,4452648.27,FLIP,1.586,3.686,7061064.65," 15,54,82,673.69 "
17-04-2026 12:15,17-04-2026 16:00,BUY,4793.25,4889.11,95.86,4780.08,4889.11,,13.17,4664480.21,TPCAP,7.279,7.301,33952032.48," 18,94,34,706.17 "
17-04-2026 20:15,17-04-2026 22:00,BUY,4862.88,4856.61,-6.27,4847.64,4901.78,,15.24,5683041.19,FLIP,-0.411,0.337,-2338101.59," 18,70,96,604.58 "
17-04-2026 22:45,17-04-2026 22:45,BUY,4860.52,4854.64,-5.88,4847.86,4899.4,,12.66,5612898.14,FLIP,-0.464,0,-2606938.47," 18,44,89,666.11 "
17-04-2026 23:15,20-04-2026 02:30,SELL,4845.86,4748.94,96.92,4872.81,4748.94,,26.95,5534689.98,TPCAP,3.596,3.711,19904305.98," 20,43,93,972.09 "
21-04-2026 04:15,21-04-2026 14:00,SELL,4814.71,4781.84,32.87,4837.08,4718.41,,22.37,6131819.16,FLIP,1.469,1.875,9009964.05," 21,34,03,936.14 "
21-04-2026 16:15,21-04-2026 19:45,SELL,4765.04,4717.39,47.65,4794.6,4717.39,,29.56,6402118.08,TPCAP,1.612,1.919,10320426.6," 22,37,24,362.74 "
21-04-2026 20:00,22-04-2026 01:00,SELL,4711.04,4728.6,-17.56,4780.14,4663.93,,69.1,6711730.88,TRAIL,-0.254,0.618,-1705614.97," 22,20,18,747.77 "
23-04-2026 04:15,23-04-2026 05:00,BUY,4737.05,4719.65,-17.4,4719.65,4784.42,,17.4,6660562.43,SL,-1,0.088,-6660562.43," 21,53,58,185.34 "
23-04-2026 05:15,23-04-2026 10:00,SELL,4707.27,4712.35,-5.08,4754.56,4660.2,,47.29,6460745.56,FLIP,-0.107,0.307,-694028.07," 21,46,64,157.27 "
23-04-2026 13:15,23-04-2026 14:00,SELL,4688.93,4697.95,-9.02,4719.83,4642.04,,30.9,6439924.72,FLIP,-0.292,0.149,-1879874.46," 21,27,84,282.81 "
23-04-2026 15:00,23-04-2026 20:00,BUY,4720.78,4709.33,-11.45,4684.49,4767.99,,36.29,6383528.48,TRAIL,-0.316,0.617,-2014092.07," 21,07,70,190.74 "
23-04-2026 20:15,23-04-2026 20:45,SELL,4716.02,4668.86,47.16,4744.74,4668.86,,28.72,6323105.72,TPCAP,1.642,1.802,10383257.33," 22,11,53,448.07 "
23-04-2026 21:00,24-04-2026 03:00,SELL,4709.31,4698.17,11.14,4744.73,4662.22,,35.42,6634603.44,FLIP,0.315,0.643,2086659.58," 22,32,40,107.65 "
24-04-2026 04:15,24-04-2026 05:00,BUY,4709.57,4693.15,-16.42,4682.8,4756.66,,26.77,6697203.23,FLIP,-0.613,0.061,-4107884.83," 21,91,32,222.82 "
24-04-2026 05:15,24-04-2026 08:00,SELL,4693.03,4673.44,19.59,4715.29,4646.1,,22.26,6573966.68,FLIP,0.88,1.583,5785445.07," 22,49,17,667.89 "
24-04-2026 16:15,24-04-2026 16:45,SELL,4702.93,4713.15,-10.22,4713.15,4608.87,,10.22,6747530.04,SL,-1,1.283,-6747530.04," 21,81,70,137.85 "
24-04-2026 17:00,24-04-2026 23:00,BUY,4711.99,4709.31,-2.68,4676.88,4806.23,,35.11,6545104.14,TRAIL,-0.076,0.807,-499597.81," 21,76,70,540.04 "
27-04-2026 04:15,27-04-2026 08:00,BUY,4693.05,4718.39,25.34,4671.76,4786.91,,21.29,6530116.2,FLIP,1.19,1.738,7772341.22," 22,54,42,881.26 "
28-04-2026 08:15,28-04-2026 12:45,SELL,4652.35,4605.83,46.52,4683.18,4605.83,,30.83,6763286.44,TPCAP,1.509,1.548,10206310.38," 23,56,49,191.64 "
28-04-2026 13:00,28-04-2026 14:45,SELL,4604.66,4558.61,46.05,4648.75,4558.61,,44.09,7069475.75,TPCAP,1.044,1.113,7383409.22," 24,30,32,600.86 "
28-04-2026 15:00,28-04-2026 19:00,SELL,4562.5,4585.34,-22.84,4633.01,4516.87,,70.51,7290978.03,FLIP,-0.324,0.107,-2361735.05," 24,06,70,865.81 "
29-04-2026 09:00,29-04-2026 15:45,SELL,4590.93,4545.02,45.91,4611.24,4545.02,,20.31,7220125.97,TPCAP,2.26,2.402,16321039.66," 25,69,91,905.47 "
29-04-2026 16:00,29-04-2026 19:00,SELL,4544.81,4559.66,-14.85,4582.72,4499.36,,37.91,7709757.16,TRAIL,-0.392,0.911,-3020044.68," 25,39,71,860.79 "
30-04-2026 01:15,30-04-2026 02:00,SELL,4546.24,4553.42,-7.18,4559.52,4500.78,,13.28,7619155.82,FLIP,-0.541,0,-4119392.98," 24,98,52,467.81 "
30-04-2026 04:15,30-04-2026 06:00,BUY,4568.66,4564.93,-3.73,4543.41,4660.03,,25.25,7495574.03,FLIP,-0.148,0.548,-1107266.98," 24,87,45,200.83 "
30-04-2026 07:15,30-04-2026 09:00,SELL,4555.28,4566.11,-10.83,4580.29,4509.73,,25.01,7462356.02,FLIP,-0.433,0.575,-3231400.07," 24,55,13,800.76 "
30-04-2026 09:15,30-04-2026 16:00,BUY,4566.24,4641.28,75.04,4538.82,4657.56,,27.42,7365414.02,FLIP,2.737,2.941,20156844.21," 26,56,70,644.97 "
30-04-2026 16:15,30-04-2026 16:15,BUY,4641.23,4633.63,-7.6,4620.22,4678.36,,21.01,7970119.35,FLIP,-0.362,0.225,-2883051.26," 26,27,87,593.71 "
30-04-2026 16:30,30-04-2026 16:30,BUY,4633.72,4623.43,-10.29,4623.43,4670.79,,10.29,7883627.81,SL,-1,0.091,-7883627.81," 25,49,03,965.90 "
30-04-2026 17:00,01-05-2026 01:00,SELL,4610.87,4629.64,-18.77,4646.85,4518.65,,35.98,7647118.98,TRAIL,-0.522,0.151,-3989339.17," 25,09,14,626.73 "
01-05-2026 08:15,01-05-2026 15:00,SELL,4614.23,4586.82,27.41,4633.69,4521.94,,19.46,7527438.8,TRAIL,1.409,2.776,10602625.77," 26,15,17,252.50 "
01-05-2026 16:15,01-05-2026 21:00,BUY,4591.48,4615.81,24.33,4562.59,4683.31,,28.89,7845517.57,FLIP,0.842,2.381,6607180.43," 26,81,24,432.93 "
01-05-2026 22:15,01-05-2026 22:30,BUY,4626.39,4611.75,-14.64,4611.75,4663.4,,14.64,8043732.99,SL,-1,0.091,-8043732.99," 26,00,80,699.94 "
01-05-2026 22:45,04-05-2026 17:30,SELL,4611.78,4583.19,28.59,4644.32,4519.54,,32.54,7802421,TRAIL,0.879,2.634,6855292.45," 26,69,35,992.39 "
04-05-2026 17:45,04-05-2026 18:00,BUY,4574.64,4556.85,-17.79,4556.85,4620.39,,17.79,8008079.77,SL,-1,0.136,-8008079.77," 25,89,27,912.62 "
04-05-2026 18:15,04-05-2026 19:00,SELL,4548.51,4503.02,45.49,4583.02,4503.02,,34.51,7767837.38,TPCAP,1.318,1.384,10238509.36," 26,91,66,421.98 "
04-05-2026 19:15,05-05-2026 03:00,SELL,4509.61,4527.98,-18.37,4579.68,4464.51,,70.07,8074992.66,FLIP,-0.262,0.031,-2116991.8," 26,70,49,430.18 "
06-05-2026 02:00,06-05-2026 09:00,BUY,4573.55,4665.02,91.47,4547.44,4665.02,,26.11,8011482.91,TPCAP,3.503,3.539,28065780.28," 29,51,15,210.46 "
06-05-2026 09:15,06-05-2026 11:45,BUY,4660.6,4697.88,37.28,4632.26,4697.88,,28.34,8853456.31,TPCAP,1.316,1.478,11647499.66," 30,67,62,710.12 "
06-05-2026 12:00,06-05-2026 15:00,BUY,4700.35,4678.64,-21.71,4645.88,4737.95,,54.47,9202881.3,TRAIL,-0.399,0.416,-3667974.17," 30,30,94,735.95 "
07-05-2026 08:15,07-05-2026 09:30,BUY,4700.59,4738.19,37.6,4689.17,4738.19,,11.42,9092842.08,TPCAP,3.293,4.341,29940833.96," 33,30,35,569.91 "
07-05-2026 09:45,07-05-2026 18:00,BUY,4746.18,4754.84,8.66,4689.1,4784.15,,57.08,9991067.1,FLIP,0.152,0.326,1515813.61," 33,45,51,383.52 "
07-05-2026 18:15,07-05-2026 18:15,BUY,4754.99,4740.72,-14.27,4740.72,4793.03,,14.27,10036541.51,SL,-1,0.091,-10036541.51," 32,45,14,842.01 "
07-05-2026 18:45,07-05-2026 20:15,SELL,4738.84,4700.93,37.91,4765.17,4700.93,,26.33,9735445.26,TPCAP,1.44,1.937,14017769.24," 33,85,32,611.25 "
07-05-2026 22:15,07-05-2026 23:45,BUY,4710.28,4696.55,-13.73,4696.55,4804.48,,13.73,10155978.34,SL,-1,0.652,-10155978.34," 32,83,76,632.91 "
11-05-2026 14:15,11-05-2026 16:00,BUY,4669.58,4716.27,46.69,4649.49,4716.27,,20.09,9851298.99,TPCAP,2.324,2.6,22897037.36," 35,12,73,670.27 "
12-05-2026 04:15,12-05-2026 09:00,SELL,4746.19,4708.22,37.97,4772.51,4708.22,,26.32,10538210.11,TPCAP,1.443,1.645,15202953.62," 36,64,76,623.89 "
12-05-2026 16:15,12-05-2026 18:15,SELL,4688.88,4641.99,46.89,4714.43,4641.99,,25.55,10994298.72,TPCAP,1.835,1.976,20177055.43," 38,66,53,679.32 "
12-05-2026 18:30,12-05-2026 21:00,SELL,4655.91,4681.36,-25.45,4709.21,4609.35,,53.3,11599610.38,FLIP,-0.477,0.035,-5538650.73," 38,11,15,028.59 "
12-05-2026 22:15,13-05-2026 04:00,BUY,4700.16,4709.63,9.47,4664.24,4794.16,,35.92,11433450.86,FLIP,0.264,0.743,3014331.28," 38,41,29,359.87 "
14-05-2026 16:30,15-05-2026 08:00,SELL,4688.14,4594.37,93.77,4714.59,4594.37,,26.45,11523880.8,TPCAP,3.545,3.759,40852222.77," 42,49,81,582.64 "
15-05-2026 08:15,15-05-2026 12:00,SELL,4592.04,4546.12,45.92,4631.92,4546.12,,39.88,12749447.48,TPCAP,1.151,1.154,14680950.41," 43,96,62,533.05 "
18-05-2026 04:15,18-05-2026 06:30,SELL,4495.89,4548.08,-52.19,4553.54,4450.93,,57.65,13189875.99,TRAIL,-0.905,0.051,-11940670.04," 42,77,21,863.01 "
19-05-2026 16:15,19-05-2026 16:30,SELL,4524.27,4479.03,45.24,4554.35,4479.03,,30.08,12831655.89,TPCAP,1.504,1.971,19300380.29," 44,70,22,243.30 "
19-05-2026 16:45,20-05-2026 03:00,SELL,4476,4488.63,-12.63,4554.27,4431.24,,78.27,13410667.3,FLIP,-0.161,0.023,-2164005.72," 44,48,58,237.58 "
20-05-2026 04:30,20-05-2026 10:00,SELL,4473.51,4482.72,-9.21,4512.11,4428.77,,38.6,13345747.13,TRAIL,-0.239,0.515,-3184309.09," 44,16,73,928.49 "
20-05-2026 16:15,20-05-2026 16:15,BUY,4505.41,4489.4,-16.01,4488.55,4595.52,,16.86,13250217.85,FLIP,-0.95,0,-12582205.69," 42,90,91,722.80 "
20-05-2026 16:30,20-05-2026 17:00,SELL,4489.23,4476.94,12.29,4507.85,4399.44,,18.62,12872751.68,FLIP,0.66,1.187,8496569.18," 43,75,88,291.98 "
20-05-2026 17:15,20-05-2026 17:15,SELL,4476.81,4502.2,-25.39,4502.2,4387.27,,25.39,13127648.76,SL,-1,0.007,-13127648.76," 42,44,60,643.22 "
20-05-2026 17:30,21-05-2026 05:00,BUY,4507.07,4551.86,44.79,4478.84,4597.21,,28.23,12733819.3,FLIP,1.587,2.254,20203604.9," 44,46,64,248.12 "
21-05-2026 14:15,21-05-2026 19:00,SELL,4516.24,4517.26,-1.02,4539.64,4425.91,,23.4,13339927.44,FLIP,-0.044,1.179,-581484.02," 44,40,82,764.10 "
21-05-2026 20:15,22-05-2026 02:00,BUY,4526.55,4543.86,17.31,4498.01,4562.76,,28.54,13322482.92,FLIP,0.607,1.149,8080314.62," 45,21,63,078.72 "
25-05-2026 01:15,25-05-2026 08:00,BUY,4555.33,4563.63,8.3,4499.26,4591.77,,56.07,13564892.36,FLIP,0.148,0.441,2008000.83," 45,41,71,079.55 "
26-05-2026 04:15,26-05-2026 10:00,SELL,4548.58,4528.54,20.04,4575.61,4503.09,,27.03,13625132.39,FLIP,0.741,0.943,10101651.98," 46,42,72,731.53 "
27-05-2026 13:45,27-05-2026 16:00,SELL,4465.66,4421,44.66,4504.73,4421,,39.07,13928181.95,TPCAP,1.143,1.395,15920229.24," 48,01,92,960.77 "
28-05-2026 04:15,28-05-2026 05:45,SELL,4438.17,4393.79,44.38,4465.55,4393.79,,27.38,14405788.82,TPCAP,1.621,1.663,23351794.21," 50,35,44,754.98 "
28-05-2026 06:00,28-05-2026 13:00,SELL,4394.39,4400.78,-6.39,4465.41,4350.44,,71.02,15106342.65,TRAIL,-0.09,0.394,-1359187.97," 50,21,85,567.01 "
28-05-2026 14:00,28-05-2026 15:00,SELL,4382.95,4392.68,-9.73,4400.63,4339.12,,17.68,15065567.01,FLIP,-0.55,0.114,-8291174.6," 49,38,94,392.41 "
28-05-2026 15:45,28-05-2026 19:15,BUY,4402.24,4490.28,88.04,4373.92,4490.28,,28.32,14816831.77,TPCAP,3.109,3.553,46063081.44," 53,99,57,473.85 "
28-05-2026 19:30,29-05-2026 01:00,BUY,4500.61,4493.85,-6.76,4432.78,4536.61,,67.83,16198724.22,FLIP,-0.1,0.235,-1614379.71," 53,83,43,094.14 "
29-05-2026 16:30,29-05-2026 17:45,BUY,4528.17,4564.39,36.22,4515.5,4564.39,,12.67,16150292.82,TPCAP,2.859,3.342,46174694.19," 58,45,17,788.33 "
29-05-2026 18:00,29-05-2026 22:00,BUY,4564.38,4558.56,-5.82,4515.44,4600.89,,48.94,17535533.65,FLIP,-0.119,0.632,-2085345.44," 58,24,32,442.89 "
01-06-2026 04:15,01-06-2026 20:00,SELL,4533.88,4475.08,58.8,4553.21,4443.2,,19.33,17472973.29,FLIP,3.042,4.455,53151103.43," 63,55,83,546.32 "
02-06-2026 04:30,02-06-2026 06:00,SELL,4486.21,4488.32,-2.11,4499.24,4441.35,,13.03,19067506.39,FLIP,-0.162,1.784,-3087677.55," 63,24,95,868.77 "
02-06-2026 07:45,02-06-2026 15:00,BUY,4510.47,4526.37,15.9,4471.95,4600.68,,38.52,18974876.06,FLIP,0.413,0.806,7832308.66," 64,03,28,177.43 "
02-06-2026 16:15,03-06-2026 02:15,SELL,4513.94,4468.8,45.14,4541.19,4468.8,,27.25,19209845.32,TPCAP,1.657,1.896,31821866.6," 67,21,50,044.03 "
03-06-2026 08:15,03-06-2026 16:30,SELL,4473.22,4428.49,44.73,4494.33,4428.49,,21.11,20164501.32,TPCAP,2.119,2.171,42729925.15," 71,48,79,969.18 "
04-06-2026 04:15,04-06-2026 10:00,BUY,4464.54,4464.1,-0.44,4434.2,4553.83,,30.34,21446399.08,FLIP,-0.015,0.645,-311022.27," 71,45,68,946.91 "
04-06-2026 12:45,04-06-2026 17:00,BUY,4468.17,4487.76,19.59,4455.1,4557.53,,13.07,21437068.41,FLIP,1.499,3.619,32131000.01," 74,66,99,946.92 "
05-06-2026 14:15,05-06-2026 14:45,SELL,4461.29,4474.11,-12.82,4474.11,4372.06,,12.82,22400998.41,SL,-1,0.194,-22400998.41," 72,42,98,948.51 "
05-06-2026 15:30,05-06-2026 16:45,SELL,4464.94,4375.64,89.3,4477.98,4375.64,,13.04,21728968.46,TPCAP,6.848,7.61,148805774.8," 87,31,04,723.33 "
05-06-2026 17:15,05-06-2026 21:15,SELL,4366.14,4322.48,43.66,4453.77,4322.48,,87.63,26193141.7,TPCAP,0.498,0.504,13051047.45," 88,61,55,770.78 "
08-06-2026 04:15,08-06-2026 08:30,SELL,4326.92,4283.65,43.27,4353.62,4283.65,,26.7,26584673.12,TPCAP,1.621,2.184,43083599.19," 92,92,39,369.97 "
08-06-2026 08:45,08-06-2026 14:00,SELL,4287.92,4310.86,-22.94,4331.19,4245.04,,43.27,27877181.1,TRAIL,-0.53,0.345,-14779351.38," 91,44,60,018.59 "
08-06-2026 14:15,08-06-2026 22:00,BUY,4318.94,4329.94,11,4277.25,4362.13,,41.69,27433800.56,FLIP,0.264,0.666,7238469.8," 92,16,98,488.39 "
09-06-2026 16:30,09-06-2026 16:45,SELL,4330.78,4349.19,-18.41,4349.19,4244.16,,18.41,27650954.65,SL,-1,0.301,-27650954.65," 89,40,47,533.74 "
09-06-2026 17:00,09-06-2026 19:30,SELL,4328.68,4242.1,86.58,4349.18,4242.1,,20.5,26821426.01,TPCAP,4.223,4.492,113273031.4," 1,00,73,20,565.09 "
09-06-2026 19:45,10-06-2026 03:30,SELL,4244.71,4202.26,42.45,4329.47,4202.26,,84.76,30219616.95,TPCAP,0.501,0.537,15134195.24," 1,02,24,54,760.33 "
10-06-2026 03:45,10-06-2026 08:00,SELL,4204.24,4179.78,24.46,4261.42,4162.2,,57.18,30673642.81,FLIP,0.428,0.558,13121323.94," 1,03,55,76,084.27 "
10-06-2026 12:30,10-06-2026 16:00,SELL,4166.11,4151.45,14.66,4204.66,4124.45,,38.55,31067282.53,FLIP,0.38,0.917,11814432.21," 1,04,73,90,516.48 "
10-06-2026 16:45,10-06-2026 17:00,BUY,4179.13,4174.32,-4.81,4136.17,4220.92,,42.96,31421715.49,FLIP,-0.112,0.166,-3518120.38," 1,04,38,72,396.10 "
10-06-2026 17:15,10-06-2026 17:15,BUY,4174.45,4161.22,-13.23,4150.81,4216.19,,23.64,31316171.88,FLIP,-0.56,0.04,-17525928.68," 1,02,63,46,467.42 "
10-06-2026 17:45,10-06-2026 18:45,SELL,4149.81,4108.31,41.5,4187.71,4108.31,,37.9,30790394.02,TPCAP,1.095,1.133,33714587.8," 1,06,00,61,055.22 "
10-06-2026 19:30,10-06-2026 22:15,SELL,4127.41,4086.13,41.28,4165.16,4086.13,,37.75,31801831.66,TPCAP,1.093,1.211,34771743.64," 1,09,48,32,798.86 "
10-06-2026 22:30,11-06-2026 01:15,SELL,4084.64,4043.79,40.85,4136.75,4043.79,,52.11,32844983.97,TPCAP,0.784,0.929,25746345.26," 1,12,05,79,144.12 "
11-06-2026 20:15,11-06-2026 20:15,SELL,4075.94,4095.73,-19.79,4095.73,3994.42,,19.79,33617374.32,SL,-1,0.077,-33617374.32," 1,08,69,61,769.80 "
11-06-2026 20:30,11-06-2026 22:00,BUY,4101.78,4183.81,82.03,4065.79,4183.81,,35.99,32608853.09,TPCAP,2.279,2.43,74326258.57," 1,16,12,88,028.37 "
11-06-2026 22:15,12-06-2026 01:30,BUY,4188.44,4221.95,33.51,4095.47,4221.95,,92.97,34838640.85,TPCAP,0.36,0.426,12555880.64," 1,17,38,43,909.01 "
12-06-2026 10:00,12-06-2026 15:00,BUY,4184.36,4214.2,29.84,4168.34,4268.04,,16.02,35215317.27,FLIP,1.863,2.723,65594573.49," 1,23,94,38,482.50 "
12-06-2026 15:15,12-06-2026 15:15,BUY,4214.42,4201.05,-13.37,4197.65,4298.71,,16.77,37183154.48,FLIP,-0.797,0.058,-29644530.43," 1,20,97,93,952.07 "
12-06-2026 16:30,12-06-2026 16:30,BUY,4203.07,4183.51,-19.56,4183.51,4287.13,,19.56,36293818.56,SL,-1,0.363,-36293818.56," 1,17,35,00,133.51 "
12-06-2026 18:00,12-06-2026 22:30,BUY,4204.13,4204.27,0.14,4176.38,4288.21,,27.75,35205004.01,TRAIL,0.005,1.135,177610.83," 1,17,36,77,744.34 "
15-06-2026 01:15,15-06-2026 05:45,BUY,4300.24,4334.64,34.4,4204.26,4334.64,,95.98,35210332.33,TPCAP,0.358,0.367,12619987.68," 1,18,62,97,732.02 "
15-06-2026 06:00,15-06-2026 08:00,BUY,4329.73,4328.83,-0.9,4273.94,4364.37,,55.79,35588931.96,FLIP,-0.016,0.026,-574117.92," 1,18,57,23,614.10 "
15-06-2026 20:15,16-06-2026 06:00,SELL,4333.83,4318.64,15.19,4366.85,4247.15,,33.02,35571708.42,FLIP,0.46,0.846,16363847.7," 1,20,20,87,461.80 "
16-06-2026 08:30,16-06-2026 08:30,BUY,4327.39,4317.71,-9.68,4315.71,4413.94,,11.68,36062623.85,FLIP,-0.829,0.299,-29887517.03," 1,17,21,99,944.77 "
16-06-2026 10:00,16-06-2026 16:00,BUY,4324.05,4343.71,19.66,4308.09,4410.53,,15.96,35165998.34,FLIP,1.232,1.929,43318516.76," 1,21,55,18,461.53 "
17-06-2026 16:15,17-06-2026 21:00,BUY,4332,4338.9,6.9,4315.96,4418.64,,16.04,36465553.85,TRAIL,0.43,3.134,15686553.71," 1,23,12,05,015.24 "
17-06-2026 21:15,17-06-2026 22:15,SELL,4284.13,4241.29,42.84,4378.61,4241.29,,94.48,36936150.46,TPCAP,0.453,0.61,16748949.19," 1,24,79,53,964.43 "
18-06-2026 03:00,18-06-2026 04:00,BUY,4278.12,4320.9,42.78,4262.79,4320.9,,15.33,37438618.93,TPCAP,2.791,3.288,104476214.9," 1,35,24,30,179.31 "
18-06-2026 09:15,18-06-2026 16:30,SELL,4298.76,4274.49,24.27,4323.51,4212.78,,24.75,40572905.38,TRAIL,0.981,2.376,39786036.91," 1,39,22,16,216.22 "
18-06-2026 16:45,18-06-2026 17:00,BUY,4264.49,4242.07,-22.42,4242.07,4349.78,,22.42,41766486.49,SL,-1,0.039,-41766486.49," 1,35,04,49,729.73 "
18-06-2026 17:15,19-06-2026 02:00,SELL,4241.48,4199.06,42.42,4274.32,4199.06,,32.84,40513491.89,TPCAP,1.292,1.442,52327171.85," 1,40,27,76,901.58 "
19-06-2026 04:45,19-06-2026 07:00,SELL,4185.51,4143.65,41.86,4211.87,4143.65,,26.36,42083307.05,TPCAP,1.588,1.606,66823055.13," 1,46,95,99,956.71 "
19-06-2026 07:15,19-06-2026 10:00,SELL,4145.36,4157.08,-11.72,4191.28,4103.91,,45.92,44087998.7,FLIP,-0.255,0.514,-11252424.76," 1,45,83,47,531.95 "
19-06-2026 16:15,22-06-2026 01:00,BUY,4170.02,4142.57,-27.45,4140.83,4253.42,,29.19,43750425.96,TRAIL,-0.94,0.072,-41142486.9," 1,41,72,05,045.05 "
22-06-2026 02:15,22-06-2026 02:15,BUY,4158.64,4156.81,-1.83,4144.11,4241.81,,14.53,42516151.35,FLIP,-0.126,0.034,-5354752.72," 1,41,18,50,292.33 "
22-06-2026 03:15,22-06-2026 06:00,BUY,4161.2,4178.32,17.12,4133.36,4244.42,,27.84,42355508.77,FLIP,0.615,2.147,26046203.67," 1,43,78,96,496.00 "
23-06-2026 04:30,23-06-2026 06:15,SELL,4178.1,4136.32,41.78,4199.84,4136.32,,21.74,43136894.88,TPCAP,1.922,2.173,82905183.21," 1,52,08,01,679.21 "
23-06-2026 06:30,23-06-2026 10:45,SELL,4140.61,4099.2,41.41,4186.06,4099.2,,45.45,45624050.38,TPCAP,0.911,0.967,41565969.28," 1,56,23,67,648.49 "
23-06-2026 16:30,23-06-2026 21:00,BUY,4115.99,4124.32,8.33,4106.8,4157.15,,9.19,46871029.45,FLIP,0.906,3.163,42484839.54," 1,60,48,52,488.03 "
23-06-2026 21:45,24-06-2026 04:00,SELL,4115.88,4074.72,41.16,4147.04,4074.72,,31.16,48145574.64,TPCAP,1.321,1.521,63596812.16," 1,66,84,49,300.19 "
24-06-2026 04:15,24-06-2026 08:30,SELL,4089.57,4082.72,6.85,4117.41,4048.67,,27.84,50053479.01,TRAIL,0.246,1.407,12315600.98," 1,68,07,64,901.17 "
24-06-2026 12:30,24-06-2026 15:15,SELL,4069.18,4028.49,40.69,4094.8,4028.49,,25.62,50422947.04,TPCAP,1.588,2.456,80088447.54," 1,76,08,53,348.71 "
24-06-2026 15:30,24-06-2026 16:00,SELL,4015.29,3975.14,40.15,4072.85,3975.14,,57.56,52825600.46,TPCAP,0.698,0.84,36851454.59," 1,79,77,04,803.30 "
25-06-2026 14:30,25-06-2026 15:00,SELL,3977.06,3982.66,-5.6,3997.9,3937.29,,20.84,53931144.1,FLIP,-0.269,0.164,-14492054.08," 1,78,32,12,749.22 "
25-06-2026 15:30,26-06-2026 02:00,BUY,3984.18,4023.45,39.27,3971.93,4063.86,,12.25,53496382.48,FLIP,3.206,4.884,171494117.5," 1,95,47,06,866.76 "
26-06-2026 15:00,26-06-2026 15:45,SELL,4045.77,4060.62,-14.85,4060.62,3964.85,,14.85,58641206,SL,-1,0.669,-58641206," 1,89,60,65,660.76 "
26-06-2026 16:15,26-06-2026 17:00,BUY,4050.7,4083.1,32.4,4032.24,4083.1,,18.46,56881969.82,TPCAP,1.755,1.861,99850227.74," 1,99,59,15,888.50 "
26-06-2026 17:15,26-06-2026 21:00,BUY,4082.34,4076.8,-5.54,4034.15,4115,,48.19,59877476.66,FLIP,-0.115,0.283,-6883611.14," 1,98,90,32,277.36 "
